map,index,startX,startY,goalX,goalY,time_AStar(ms),time_JPS(ms),open_AStar,open_JPS,closed_AStar,closed_JPS,pathLength_AStar,pathLength_JPS,optimalCost,memory_AStar(bytes),memory_JPS(bytes)
brc000d,0,75,193,77,195,0.699700,0.523940,11,2,3,2,2.8284,2.8284,2.8284,1421312,1421312
brc000d,1,126,193,126,194,0.711540,0.519130,7,4,2,2,1.0000,1.0000,1.0000,1421312,1421312
brc000d,2,8,36,8,38,0.689800,2.407440,5,2,3,2,2.0000,2.0000,2.0000,1421312,1421312
brc000d,3,253,163,251,163,0.689900,0.542290,9,2,3,2,2.0000,2.0000,2.0000,1421312,1421312
brc000d,4,170,79,169,76,0.699580,0.513700,11,4,6,3,3.4142,3.4142,3.4142,1421312,1421312
brc000d,5,157,191,157,193,0.686820,0.514920,9,5,3,2,2.0000,2.0000,2.0000,1421312,1421312
brc000d,6,142,179,140,181,0.729700,2.369110,11,4,3,2,2.8284,2.8284,2.8284,1421312,1421312
brc000d,7,52,136,54,137,0.698680,0.538030,8,3,4,3,2.4142,2.4142,2.4142,1421312,1421312
brc000d,8,106,37,107,36,0.698980,0.531420,7,3,2,2,1.4142,1.4142,1.4142,1421312,1421312
brc000d,9,108,204,105,205,0.684770,0.522560,13,2,6,3,3.4142,3.4142,3.4142,1421312,1421312
brc000d,10,150,51,145,51,2.440670,0.508360,15,4,6,2,5.0000,5.0000,5.0000,1421312,1421312
brc000d,11,185,66,183,62,0.706690,0.509450,11,4,9,3,4.8284,4.8284,4.8284,1421312,1421312
brc000d,12,186,128,185,132,0.686630,0.512670,16,4,8,3,4.4142,4.4142,4.4142,1421312,1421312
brc000d,13,143,93,139,95,0.678100,0.520920,18,5,9,3,4.8284,4.8284,4.8284,1421312,1421312
brc000d,14,77,209,76,213,2.379940,0.523330,15,2,8,3,4.4142,4.4142,4.4142,1421312,1421312
brc000d,15,161,174,163,168,0.683700,0.532500,25,6,15,4,6.8284,6.8284,6.8284,1421312,1421312
brc000d,16,144,91,138,90,0.688810,0.521300,19,5,12,3,6.4142,6.4142,6.4142,1421312,1421312
brc000d,17,61,59,62,53,0.688420,2.149930,21,2,12,3,6.4142,6.4142,6.4142,1421312,1421312
brc000d,18,154,79,147,81,0.708360,0.515520,27,5,18,4,7.8284,7.8284,7.8284,1421312,1421312
brc000d,19,142,226,139,220,0.691080,0.513000,27,3,13,3,7.2426,7.2426,7.2426,1421312,1421312
brc000d,20,142,144,132,142,0.690300,0.526470,32,4,18,4,10.8284,10.8284,10.8284,1421312,1421312
brc000d,21,100,201,92,198,0.682950,0.516760,35,2,18,3,9.2426,9.2426,9.2426,1421312,0
brc000d,22,174,84,167,75,0.699790,0.526230,37,8,20,5,11.8995,11.8995,11.8995,1421312,1421312
brc000d,23,17,34,27,33,0.685710,0.513320,25,4,20,3,10.4142,10.4142,10.4142,1421312,1421312
brc000d,24,181,86,176,94,0.688160,0.526200,32,6,19,6,10.0711,10.0711,10.6569,1421312,1421312
brc000d,25,101,84,93,79,2.592030,0.534580,28,8,18,7,10.0711,10.0711,10.0711,1421312,1421312
brc000d,26,196,108,198,98,0.691710,0.535620,32,6,18,5,10.8284,10.8284,10.8284,1421312,1421312
brc000d,27,126,230,117,227,0.721620,0.512840,28,3,12,5,10.2426,10.2426,10.2426,1421312,1421312
brc000d,28,227,157,234,149,0.732120,2.623840,36,7,15,6,10.8995,10.8995,10.8995,1421312,1421312
brc000d,29,215,167,206,163,0.711880,0.540690,40,5,22,4,10.6569,10.6569,10.6569,1421312,1421312
brc000d,30,211,166,209,154,0.732660,0.542380,37,5,20,3,12.8284,12.8284,12.8284,1421312,1421312
brc000d,31,98,78,88,72,0.719960,0.531190,30,5,19,6,12.4853,12.4853,12.4853,1421312,1421312
brc000d,32,167,84,154,79,0.724880,14.719100,53,8,31,7,15.0711,15.0711,15.0711,1421312,1421312
brc000d,33,132,227,118,229,20.688300,7.562650,35,2,26,4,14.8284,14.8284,14.8284,1421312,1421312
brc000d,34,220,119,235,119,0.712700,0.550190,35,5,16,2,15.0000,15.0000,15.0000,1421312,1421312
brc000d,35,70,100,72,85,0.710500,0.529710,43,7,22,4,15.8284,15.8284,15.8284,1421312,1421312
brc000d,36,164,131,156,141,0.693790,0.589690,62,12,43,10,15.0711,15.0711,15.6569,1421312,1421312
brc000d,37,130,59,119,52,2.578830,0.536380,42,9,14,6,13.8995,13.8995,13.8995,1421312,1421312
brc000d,38,63,48,73,41,0.727720,0.544470,36,5,16,6,12.8995,12.8995,12.8995,1421312,1421312
brc000d,39,81,44,74,32,0.758360,0.517330,42,8,18,5,14.8995,14.8995,14.8995,1421312,1421312
brc000d,40,112,23,98,9,0.717630,0.545600,59,6,15,5,19.7990,19.7990,19.7990,1421312,1421312
brc000d,41,99,97,84,86,2.300630,0.559860,65,9,28,6,19.5563,19.5564,19.5563,1421312,1421312
brc000d,42,158,152,153,167,0.738510,0.526260,51,4,43,6,17.6569,17.6569,18.2426,1421312,1421312
brc000d,43,147,46,134,34,0.729120,0.522010,55,8,25,6,17.9706,17.9706,17.9706,1421312,1421312
brc000d,44,130,101,114,97,0.707650,2.130410,46,5,22,4,17.6569,17.6569,17.6569,1421312,1421312
brc000d,45,129,25,114,29,0.694650,0.549790,57,9,38,8,16.6569,16.6569,16.6569,1421312,1421312
brc000d,46,229,133,246,138,0.703550,0.532510,57,8,45,5,19.0711,19.0711,19.0711,1421312,1421312
brc000d,47,227,152,230,136,0.707660,0.514570,66,6,42,4,17.2426,17.2426,17.2426,1421312,1421312
brc000d,48,111,122,96,116,2.669670,0.527690,66,6,37,6,17.4853,17.4853,17.4853,1421312,1421312
brc000d,49,119,229,133,224,0.716750,0.521180,34,2,27,8,16.0711,16.0711,16.0711,1421312,1421312
brc000d,50,137,117,136,96,0.707810,0.587390,52,5,89,7,23.8995,23.8995,23.8995,1421312,1421312
brc000d,51,101,107,118,93,0.706070,0.559990,70,9,39,10,22.7990,22.7990,22.7990,1421312,1421312
brc000d,52,85,19,63,22,2.607920,0.531280,64,4,44,3,23.2426,23.2426,23.2426,1421312,1421312
brc000d,53,65,100,55,118,0.724260,0.534050,74,9,43,8,22.1421,22.1421,22.1421,1421312,1421312
brc000d,54,198,163,201,144,0.698800,0.520710,59,8,42,4,20.2426,20.2426,20.2426,1421312,1421312
brc000d,55,129,14,109,14,0.697140,2.413540,45,3,21,2,20.0000,20.0000,20.0000,1421312,1421312
brc000d,56,221,119,219,140,0.706450,0.524580,55,7,56,10,21.8284,21.8284,21.8284,1421312,1421312
brc000d,57,186,105,172,121,0.719930,0.548450,66,15,35,11,21.7990,21.7990,22.3848,1421312,1421312
brc000d,58,106,227,101,206,0.715140,0.510000,73,3,49,4,23.0711,23.0711,23.0711,1421312,1421312
brc000d,59,116,77,114,98,2.469700,0.497690,50,8,52,6,21.8284,21.8284,21.8284,1421312,1421312
brc000d,60,73,23,50,20,0.708270,0.605440,75,4,55,4,24.2426,24.2426,24.2426,1421312,1421312
brc000d,61,106,228,82,226,0.716750,0.533980,76,2,68,3,24.8284,24.8284,24.8284,1421312,1421312
brc000d,62,83,12,96,31,0.730330,0.529490,83,7,54,6,24.3848,24.3848,24.3848,1421312,1421312
brc000d,63,69,208,77,186,2.586150,0.541420,66,4,47,14,25.3137,25.3137,25.3137,1421312,1421312
brc000d,64,114,48,136,56,0.730440,0.538170,71,7,46,5,25.3137,25.3137,25.3137,1421312,1421312
brc000d,65,116,93,102,72,0.748540,0.591080,76,11,46,10,26.7990,26.7990,26.7990,1421312,1421312
brc000d,66,148,201,129,217,0.705880,2.413610,70,7,52,9,26.7990,26.7990,27.3848,1421312,1421312
brc000d,67,209,138,223,159,0.699600,0.545240,89,12,57,9,26.7990,26.7990,26.7990,1421312,1421312
brc000d,68,98,90,115,103,0.741590,0.533780,102,9,85,10,23.5563,23.5563,24.1421,1421312,1421312
brc000d,69,106,216,88,196,0.703010,0.523770,84,1,44,3,27.4558,27.4558,27.4558,1421312,1421312
brc000d,70,128,197,154,191,0.714630,2.232090,91,7,68,10,30.1421,30.1421,30.7279,1421312,1421312
brc000d,71,169,105,154,89,0.743020,0.548630,92,9,122,20,28.8995,28.8995,29.4853,1421312,1421312
brc000d,72,158,131,182,112,0.735600,0.537080,144,16,103,13,31.8701,31.8701,31.8701,1421312,1421312
brc000d,73,139,84,157,65,0.719440,0.526220,86,14,64,12,28.2132,28.2132,28.7990,1421312,1421312
brc000d,74,145,111,120,112,2.395280,0.534650,98,11,134,24,30.1421,30.1421,30.7279,1425408,1421312
brc000d,75,64,87,75,114,0.706220,0.542500,78,11,56,11,31.5563,31.5563,31.5563,1421312,1421312
brc000d,76,79,89,87,62,0.712630,0.527240,74,11,61,9,30.3137,30.3137,30.3137,1421312,1421312
brc000d,77,170,210,154,187,0.702790,0.868230,85,10,46,9,29.6274,29.6274,29.6274,1421312,1421312
brc000d,78,161,135,173,156,0.715450,0.538380,61,11,74,11,27.7279,27.7279,28.3137,0,1421312
brc000d,79,177,174,167,199,0.727710,0.558940,85,7,54,7,29.1421,29.1421,29.1421,1421312,1421312
brc000d,80,112,84,103,55,0.726540,0.517890,89,10,72,8,32.7279,32.7279,32.7279,1421312,1421312
brc000d,81,118,33,120,68,0.758160,2.290390,98,4,93,3,35.8284,35.8284,35.8284,1421312,1421312
brc000d,82,90,157,110,182,0.700920,0.557230,86,3,40,10,33.2843,33.2843,33.8701,1421312,1421312
brc000d,83,81,87,113,82,0.743350,0.519990,123,9,117,6,34.0711,34.0711,34.0711,1421312,1421312
brc000d,84,108,24,135,40,0.714990,0.542520,94,12,83,12,33.6274,33.6274,33.6274,1421312,1421312
brc000d,85,152,51,151,83,2.397690,0.494740,58,4,36,4,32.4142,32.4142,32.4142,1421312,1421312
brc000d,86,178,171,205,166,0.773150,0.573300,142,11,227,20,31.5563,31.5563,32.1421,1425408,1421312
brc000d,87,167,68,142,93,0.716750,0.550870,99,14,26,11,35.3553,35.3553,35.3553,1421312,1421312
brc000d,88,163,111,143,85,0.719720,0.555480,102,12,90,14,34.2843,34.2843,34.2843,1421312,1421312
brc000d,89,100,76,101,46,2.424680,0.533370,81,7,87,7,32.0711,32.0711,32.0711,1421312,1421312
brc000d,90,199,153,226,127,0.706910,0.562340,110,20,53,16,37.7696,37.7696,37.7696,1421312,1421312
brc000d,91,88,91,55,105,0.735490,0.538400,108,14,87,9,38.7990,38.7990,38.7990,1421312,1421312
brc000d,92,215,153,192,124,0.725000,2.266610,152,18,106,13,38.5269,38.5269,38.5269,1421312,1421312
brc000d,93,148,175,144,212,0.731790,0.536510,153,7,133,7,38.6569,38.6569,38.6569,1425408,1421312
brc000d,94,167,73,142,53,0.757030,0.545350,140,17,164,19,35.6274,35.6274,36.2132,1425408,1421312
brc000d,95,228,134,202,107,0.719780,0.551470,140,19,54,18,37.7696,37.7695,37.7696,1421312,1421312
brc000d,96,166,57,136,60,0.772810,0.529390,105,11,153,14,36.2132,36.2132,36.2132,1425408,0
brc000d,97,198,132,233,136,0.754300,0.532620,96,10,107,6,36.6569,36.6569,36.6569,1421312,1421312
brc000d,98,163,166,161,203,0.744990,0.520860,99,5,93,4,37.8284,37.8284,37.8284,1421312,1421312
brc000d,99,145,88,111,74,0.750910,0.559070,128,15,104,15,39.7990,39.7990,39.7990,1421312,1421312
brc000d,100,116,49,147,77,2.548910,0.565780,129,18,92,16,42.5980,42.5980,42.5980,1421312,1421312
brc000d,101,151,63,108,65,0.729110,0.521070,90,5,50,4,43.8284,43.8284,43.8284,1421312,1421312
brc000d,102,167,177,146,210,0.752440,0.566220,180,11,142,12,41.6985,41.6985,41.6985,1425408,1421312
brc000d,103,221,134,239,168,0.726660,2.242470,135,12,101,14,41.4558,41.4558,41.4558,1421312,1421312
brc000d,104,155,76,114,81,0.762170,0.522130,157,14,179,9,43.0711,43.0711,43.0711,1425408,1421312
brc000d,105,99,22,137,29,0.735010,0.549180,109,12,85,12,40.8995,40.8995,40.8995,1421312,1421312
brc000d,106,128,89,89,98,0.751770,0.536970,189,10,182,7,42.7279,42.7279,42.7279,1425408,1421312
brc000d,107,172,42,138,24,0.761220,15.567470,155,7,201,14,41.4558,41.4558,41.4558,1425408,1421312
brc000d,108,102,53,104,94,18.654310,4.286580,96,6,69,5,41.8284,41.8284,41.8284,1429504,1425408
brc000d,109,128,62,111,27,0.730000,0.545120,136,16,95,13,42.0416,42.0416,42.0416,1421312,1421312
brc000d,110,111,56,78,81,0.735730,0.538640,146,16,154,15,43.9411,43.9411,45.1127,1425408,1421312
brc000d,111,126,198,156,168,0.718700,0.561250,127,14,88,18,43.5980,43.5980,44.1838,1421312,1421312
brc000d,112,123,102,83,116,2.623960,0.530920,143,9,130,14,47.2132,47.2132,47.7990,1425408,1421312
brc000d,113,172,160,217,160,0.725380,0.526090,95,5,46,2,45.0000,45.0000,45.0000,1421312,1421312
brc000d,114,221,175,211,134,0.752100,0.527780,147,7,121,6,45.1421,45.1421,45.1421,1421312,1421312
brc000d,115,196,124,156,108,0.740900,2.305860,159,16,128,15,46.6274,46.6274,46.6274,1421312,1421312
brc000d,116,125,120,154,103,0.766220,0.534890,117,15,178,18,46.7279,46.7279,47.3137,1425408,1421312
brc000d,117,213,183,190,148,0.736700,0.558700,160,15,143,23,44.5269,44.5269,44.5269,1425408,1421312
brc000d,118,61,199,83,164,0.736550,0.568390,188,9,174,10,44.1127,44.1127,44.1127,1425408,1421312
brc000d,119,111,58,124,19,0.741380,2.300040,125,8,125,8,44.3848,44.3848,44.3848,1421312,1421312
brc000d,120,79,53,93,97,0.717850,0.573600,137,18,109,16,49.7990,49.7990,49.7990,1421312,1421312
brc000d,121,158,132,145,87,0.755770,0.538440,216,15,173,13,50.3848,50.3848,50.3848,1425408,1421312
brc000d,122,209,152,253,168,0.810470,0.525680,286,10,246,9,50.6274,50.6274,50.6274,1429504,1421312
brc000d,123,80,81,121,55,2.620420,0.574690,210,23,178,18,51.7696,51.7696,51.7696,1425408,1421312
brc000d,124,122,106,88,73,0.716430,0.562610,175,20,59,16,47.6691,47.6690,48.2548,1421312,1421312
brc000d,125,97,34,56,35,0.775180,0.551890,164,13,199,18,48.9706,48.9706,49.5564,1425408,1421312
brc000d,126,124,236,133,191,0.760020,0.857740,188,5,184,7,50.3848,50.3848,50.9706,1425408,1421312
brc000d,127,18,44,57,44,0.819760,0.543700,129,7,259,19,48.4558,48.4558,49.6274,0,1421312
brc000d,128,45,103,91,94,0.775870,0.545040,112,8,68,9,50.3137,50.3137,50.8995,1421312,1421312
brc000d,129,143,159,174,127,0.748830,0.571470,204,21,161,27,46.5980,46.5980,48.3553,1425408,1421312
brc000d,130,80,52,126,34,0.867430,2.217620,318,10,489,15,53.4558,53.4558,53.4558,1441792,1421312
brc000d,131,143,126,147,76,0.728370,0.525280,149,7,107,9,52.4853,52.4853,53.0711,1421312,1421312
brc000d,132,97,173,126,214,0.783690,0.564170,254,10,236,15,53.0122,53.0122,53.0122,1429504,1421312
brc000d,133,182,107,206,152,0.904500,0.640260,536,24,505,25,54.9411,54.9411,54.9411,1445888,1421312
brc000d,134,169,154,215,175,2.612780,0.569800,379,20,449,32,54.6985,54.6985,54.6985,1441792,1421312
brc000d,135,96,53,93,103,0.744260,0.560520,156,14,202,15,53.7279,53.7279,53.7279,1425408,1421312
brc000d,136,165,81,195,118,0.811320,0.548500,286,17,272,19,51.7696,51.7696,52.3553,1441792,1421312
brc000d,137,151,61,104,44,0.800630,0.552070,265,14,289,15,54.8701,54.8701,54.8701,1441792,1421312
brc000d,138,156,150,144,103,0.766180,0.584710,239,18,261,28,51.9706,51.9706,52.5564,0,1421312
brc000d,139,211,160,169,131,0.834710,0.565350,417,22,356,18,54.0122,54.0122,54.0122,1441792,1421312
brc000d,140,125,78,179,89,0.812450,0.533520,276,12,352,11,58.5564,58.5564,58.5564,1441792,1421312
brc000d,141,149,170,119,127,0.788260,2.317590,191,11,256,17,57.7696,57.7696,58.3553,1429504,1421312
brc000d,142,126,36,168,55,1.239810,0.596670,244,15,1039,41,59.0416,59.0416,59.6274,1478656,1421312
brc000d,143,141,48,88,60,0.797060,0.545010,307,13,289,10,57.9706,57.9706,57.9706,1441792,1421312
brc000d,144,89,62,138,44,0.784320,0.551120,272,14,280,12,56.4558,56.4558,56.4558,1441792,1421312
brc000d,145,159,66,106,75,2.463600,0.528840,202,12,216,15,56.7279,56.7279,56.7279,1425408,1421312
brc000d,146,129,46,122,100,0.758190,0.527480,170,10,151,7,56.8995,56.8995,56.8995,1425408,1421312
brc000d,147,222,142,171,156,0.762520,0.568440,235,13,202,12,56.7990,56.7990,56.7990,1425408,1421312
brc000d,148,200,115,161,92,1.235250,0.656280,235,30,996,81,58.0833,58.0833,59.2548,1458176,1421312
brc000d,149,186,68,140,89,2.697500,0.567660,315,18,388,23,58.5980,58.5980,59.1838,1441792,1421312
brc000d,150,48,29,102,40,0.918130,0.531860,216,10,521,21,60.2132,60.2132,60.2132,1454080,1421312
brc000d,151,106,48,119,105,0.899370,0.565540,398,12,540,13,62.3848,62.3848,62.3848,1458176,1421312
brc000d,152,166,110,176,58,0.867450,2.214060,237,20,479,40,61.9411,61.9411,61.9411,1437696,1421312
brc000d,153,77,103,65,57,1.161980,0.601040,229,21,883,47,60.1421,60.1421,60.7279,1454080,1421312
brc000d,154,122,77,69,95,0.871400,0.546790,355,15,489,13,60.4558,60.4558,60.4558,1441792,1421312
brc000d,155,185,113,131,98,0.900950,0.539950,421,12,533,19,60.2132,60.2132,60.2132,1458176,1421312
brc000d,156,92,78,141,42,2.536930,0.567490,463,20,376,17,63.9117,63.9117,63.9117,1441792,1421312
brc000d,157,54,142,94,184,0.822580,0.539880,325,6,374,9,62.6691,62.6690,63.2548,1441792,1421312
brc000d,158,171,103,123,126,1.002190,0.568050,234,20,677,42,60.8406,60.8406,61.4264,1454080,1421312
brc000d,159,140,199,88,175,0.822640,0.543390,383,8,421,14,61.9411,61.9411,61.9411,1441792,1421312
brc000d,160,163,54,142,111,2.667410,0.575090,513,17,653,23,65.6985,65.6985,65.6985,1462272,1421312
brc000d,161,58,109,108,70,0.841590,0.605680,311,29,333,26,66.1544,66.1543,66.1543,1441792,1421312
brc000d,162,155,131,186,179,0.952200,0.692180,302,29,341,41,63.4264,63.4264,66.3553,1441792,1421312
brc000d,163,113,119,52,109,0.814770,2.291890,213,14,278,21,65.1421,65.1421,65.1421,1437696,1421312
brc000d,164,118,70,153,121,1.047180,0.575160,470,21,540,22,65.4975,65.4975,65.4975,1458176,1421312
brc000d,165,147,134,209,143,0.807020,0.628800,232,23,225,28,66.5564,66.5564,66.5564,1425408,1421312
brc000d,166,223,122,158,121,0.753410,0.526800,143,8,85,8,66.2426,66.2426,66.2426,1421312,1421312
brc000d,167,206,155,189,95,2.895600,0.614640,487,23,637,28,67.0416,67.0416,67.0416,1458176,1421312
brc000d,168,96,40,108,103,0.943220,0.577380,394,14,411,17,67.9706,67.9706,67.9706,1441792,1421312
brc000d,169,221,116,158,105,0.994760,0.605190,345,23,422,22,67.5564,67.5564,67.5564,1441792,1421312
brc000d,170,155,37,86,42,0.913850,0.525570,277,7,269,8,71.0711,71.0711,71.0711,1441792,1421312
brc000d,171,170,149,203,91,2.920460,0.640380,460,35,616,50,71.6691,71.6691,71.6690,1458176,1421312
brc000d,172,127,17,147,79,0.799170,0.550020,301,14,221,16,70.2843,70.2843,70.2843,1429504,1421312
brc000d,173,68,32,127,24,0.987990,0.610280,388,17,590,33,70.5980,70.5980,70.5980,1458176,1421312
brc000d,174,176,89,127,45,0.910880,2.379710,257,25,235,26,67.8112,67.8112,68.3970,1429504,1421312
brc000d,175,90,62,45,107,0.947720,0.637400,278,27,362,39,67.7401,67.7401,68.3259,1441792,1421312
brc000d,176,227,139,180,93,0.882400,0.621730,255,29,265,35,69.5686,69.5685,70.1543,1441792,1421312
brc000d,177,120,180,140,136,0.906620,0.593920,228,19,549,28,71.2132,71.2132,71.7990,1454080,1421312
brc000d,178,205,92,226,152,0.870580,2.021620,329,12,260,24,68.6985,68.6985,68.6985,1441792,1421312
brc000d,179,198,75,144,110,0.917510,0.581100,316,22,433,30,68.4975,68.4975,68.4975,1441792,1421312
brc000d,180,166,126,178,65,1.169670,0.586270,305,23,902,49,71.7696,71.7696,72.3553,1458176,1421312
brc000d,181,115,35,174,69,0.979770,0.631180,497,21,670,28,73.0833,73.0833,73.0833,1458176,1421312
brc000d,182,147,219,181,160,14.243530,18.922770,601,19,808,18,73.0833,73.0833,73.0833,1462272,1425408
brc000d,183,149,117,159,186,7.594780,0.582350,303,14,346,27,73.7279,73.7279,73.9706,1441792,1421312
brc000d,184,131,113,104,50,0.987660,0.606410,493,19,784,34,74.1838,74.1838,75.3553,1458176,1421312
brc000d,185,78,16,114,75,0.942070,0.583420,487,17,617,19,75.0833,75.0833,75.6690,1458176,1421312
brc000d,186,130,136,197,122,0.774490,2.332790,207,14,192,18,72.7990,72.7990,72.7990,1425408,1421312
brc000d,187,180,138,244,163,1.111820,0.609100,679,19,920,25,74.3553,74.3553,74.3553,1462272,1421312
brc000d,188,154,216,143,147,0.923800,0.535490,441,8,614,13,73.5564,73.5564,73.5564,1458176,1421312
brc000d,189,65,49,120,12,0.884660,0.565770,327,13,408,20,71.4975,71.4975,72.0833,1441792,1421312
brc000d,190,140,25,67,12,1.234730,0.544590,313,7,346,11,78.3848,78.3848,78.3848,1441792,0
brc000d,191,58,29,123,26,1.029160,0.582150,391,16,648,32,77.0122,77.0122,77.5980,1458176,1421312
brc000d,192,128,56,57,39,1.017620,0.596730,552,14,744,22,78.0416,78.0416,78.0416,1462272,1421312
brc000d,193,150,53,91,95,0.952560,0.627510,523,33,555,44,76.3970,76.3970,76.3970,1462272,1421312
brc000d,194,150,153,96,104,3.142780,0.605580,332,17,640,34,77.8112,77.8112,78.3970,1458176,1421312
brc000d,195,158,209,92,183,0.852030,0.581630,322,17,390,21,76.7696,76.7695,76.7696,1441792,1421312
brc000d,196,185,106,152,171,1.017740,0.601890,683,31,746,36,78.6691,78.6690,78.6690,1462272,1421312
brc000d,197,191,104,176,177,0.831370,2.213830,357,20,382,20,79.2132,79.2132,79.2132,1441792,1421312
brc000d,198,153,132,150,207,0.743020,0.529970,172,9,90,4,76.2426,76.2426,76.2426,1421312,1421312
brc000d,199,175,64,108,94,1.183880,0.648080,755,35,945,45,79.4264,79.4264,79.4264,1462272,1421312
brc000d,200,185,201,224,174,1.012970,0.637590,184,23,773,79,79.4975,79.4975,81.8406,1454080,1421312
brc000d,201,236,134,163,116,2.508070,0.548840,221,23,276,29,80.4558,80.4558,81.0416,1437696,1421312
brc000d,202,33,120,108,123,0.852630,0.552680,251,14,459,29,82.0416,82.0416,82.0416,1437696,1421312
brc000d,203,158,64,95,28,0.981160,0.628740,610,31,716,41,79.5686,79.5685,80.1543,1462272,1421312
brc000d,204,151,162,111,95,0.959200,0.579360,557,23,683,33,83.5686,83.5685,83.5685,1462272,1421312
brc000d,205,182,170,139,112,3.108600,0.715960,446,39,1122,102,80.4975,80.4975,81.0833,1482752,1421312
brc000d,206,137,113,209,139,1.079890,0.583090,707,31,895,36,83.5980,83.5980,83.5980,1462272,1421312
brc000d,207,234,160,171,196,1.020300,0.610910,302,19,735,31,80.2549,80.2548,82.0122,1458176,1421312
brc000d,208,117,243,105,183,0.940530,2.203740,196,8,553,24,79.8823,79.8823,80.4680,1454080,1421312
brc000d,209,173,55,108,93,1.040870,0.605820,573,28,750,35,80.7401,80.7401,80.7401,1462272,1421312
brc000d,210,157,210,83,178,0.979980,0.571070,505,16,696,22,87.2548,87.2548,87.2548,1458176,1421312
brc000d,211,56,36,130,62,0.979630,0.572520,617,20,704,35,84.7696,84.7696,84.7696,1462272,1421312
brc000d,212,164,88,158,164,2.537640,0.575030,315,16,422,35,86.1421,86.1421,86.7279,1441792,1421312
brc000d,213,167,109,119,46,1.010410,0.625110,597,28,700,44,85.2254,85.2254,85.8112,1462272,1421312
brc000d,214,120,17,169,84,0.961770,0.608650,559,23,639,35,87.2965,87.2965,87.2965,1462272,1421312
brc000d,215,99,33,144,99,1.194880,0.595740,786,26,956,26,84.6396,84.6396,84.6396,1462272,1421312
brc000d,216,135,55,58,32,3.123700,0.589660,750,18,1136,24,86.5269,86.5269,86.5269,1486848,1421312
brc000d,217,37,112,116,130,0.845850,0.552570,306,13,454,33,86.4559,86.4558,86.4558,1441792,1421312
brc000d,218,162,162,85,184,0.812670,0.552420,325,10,342,9,86.1127,86.1127,86.1127,1441792,1421312
brc000d,219,117,41,55,89,1.010420,2.421410,473,34,641,57,82.4681,82.4680,84.2254,1458176,1421312
brc000d,220,194,185,162,113,1.103860,0.639670,637,33,987,61,88.3259,88.3259,88.9117,1462272,1421312
brc000d,221,176,67,129,132,1.191900,0.629550,336,27,1007,56,89.1543,89.1543,90.3259,1458176,1421312
brc000d,222,22,87,105,102,0.868100,0.536930,348,12,381,15,89.2132,89.2132,89.2132,1441792,1421312
brc000d,223,172,172,137,98,2.750740,0.607550,588,29,789,56,88.4975,88.4975,88.4975,1462272,1421312
brc000d,224,146,134,224,160,1.061510,0.630040,613,29,888,48,89.5980,89.5980,89.5980,1462272,1421312
brc000d,225,121,106,187,156,0.877500,0.631960,353,36,470,46,89.6397,89.6396,91.3970,1441792,1421312
brc000d,226,164,75,98,16,0.815590,0.599300,316,30,291,30,90.4387,90.4386,90.4386,1441792,1421312
brc000d,227,114,49,196,63,2.780160,0.587440,323,22,766,34,90.2843,90.2843,90.2843,1458176,1421312
brc000d,228,98,118,105,32,0.817430,0.517560,303,9,266,11,88.8995,88.8995,88.8995,1441792,1421312
brc000d,229,49,122,73,49,1.406740,0.818290,309,27,1331,123,89.5686,89.5685,90.1543,1482752,1421312
brc000d,230,117,105,99,19,1.051800,2.383750,641,19,921,22,93.4558,93.4558,93.4558,1462272,1421312
brc000d,231,59,92,101,20,1.150830,0.639160,666,28,948,81,94.0833,94.0833,94.6690,1462272,1421312
brc000d,232,149,194,220,140,1.138290,0.657600,915,36,962,37,93.3676,93.3675,93.3675,1462272,1421312
brc000d,233,112,96,170,156,1.128090,0.671370,568,32,899,73,92.8112,92.8112,93.3970,1462272,1421312
brc000d,234,89,122,94,30,2.569390,0.526730,321,12,380,18,94.0711,94.0711,94.0711,1441792,1421312
brc000d,235,195,131,125,189,1.010010,0.631510,694,26,677,32,94.0244,94.0244,94.6102,1462272,1421312
brc000d,236,202,156,146,225,0.838940,0.612420,373,22,380,27,92.1960,92.1960,93.3675,1441792,1421312
brc000d,237,146,99,196,173,1.191700,0.696190,958,46,1086,63,94.7107,94.7107,94.7107,1486848,1421312
brc000d,238,121,100,210,113,2.593710,0.540700,365,11,422,18,94.3848,94.3848,94.3848,1441792,1421312
brc000d,239,110,44,162,117,1.156870,0.592560,950,31,983,35,94.5391,94.5391,94.5391,1462272,1421312
brc000d,240,130,46,213,74,1.489740,0.656110,494,27,1492,89,99.3259,99.3259,99.9117,1482752,1421312
brc000d,241,208,115,118,98,1.140290,2.353330,706,19,1024,31,97.0416,97.0416,97.0416,1466368,1421312
brc000d,242,151,113,225,168,1.132960,0.637620,923,41,973,35,96.7818,96.7817,96.7817,1462272,1421312
brc000d,243,31,121,69,59,1.870730,0.933540,177,20,2133,196,97.2965,97.2965,99.0538,1523712,1425408
brc000d,244,66,12,81,86,1.113550,0.614120,404,29,917,70,96.8406,96.8406,97.4264,1458176,1421312
brc000d,245,109,119,201,123,2.726760,0.533250,270,12,651,18,99.4558,99.4558,99.4558,1458176,1421312
brc000d,246,166,114,97,46,0.767680,0.621590,356,40,137,32,97.1666,97.1665,97.1665,1429504,1421312
brc000d,247,152,37,74,75,2.025110,0.726980,540,29,2307,108,97.8823,97.8823,98.4680,1531904,1421312
brc000d,248,104,8,167,79,0.876260,0.613140,471,26,422,37,97.0955,97.0955,97.6812,1441792,1421312
brc000d,249,181,87,125,17,3.028230,0.636140,717,34,928,45,96.7107,96.7107,97.2965,1462272,1421312
brc000d,250,142,229,196,149,1.297230,0.649620,1144,29,1253,40,102.3676,102.3675,102.3675,1490944,1421312
brc000d,251,149,171,92,99,1.128710,0.585800,388,26,859,47,101.4681,101.4680,102.6396,1458176,1421312
brc000d,252,199,163,139,85,1.106820,2.296540,905,38,919,34,102.8529,102.8528,102.8528,1462272,1421312
brc000d,253,232,166,144,133,1.383770,0.643680,1040,35,1513,49,101.6691,101.6690,101.6690,1490944,1421312
brc000d,254,157,137,70,97,1.096900,0.602870,702,30,909,50,103.5686,103.5686,103.5685,1462272,1421312
brc000d,255,93,108,187,111,1.192300,0.567710,650,23,975,35,102.6985,102.6985,102.6985,1462272,1421312
brc000d,256,63,46,29,92,6.842290,18.371950,309,25,1766,73,101.1544,101.1543,102.3259,1486848,1425408
brc000d,257,211,172,134,209,14.809450,0.601940,666,20,983,42,99.6396,99.6396,100.3675,1470464,1421312
brc000d,258,173,202,217,119,1.617030,0.703270,731,39,1535,64,102.8823,102.8823,102.8822,1490944,1421312
brc000d,259,115,24,109,125,0.958220,0.543800,500,15,566,21,103.4853,103.4853,103.4853,1458176,1421312
brc000d,260,147,73,177,165,1.238580,2.388900,894,37,1275,55,104.4264,104.4264,104.4264,1486848,1421312
brc000d,261,211,76,166,161,1.290000,0.685610,968,45,1293,71,104.4681,104.4680,104.4680,1486848,1421312
brc000d,262,181,198,233,122,0.917140,0.634880,626,38,572,52,104.5097,104.5097,106.2670,1462272,1421312
brc000d,263,246,164,166,102,1.190020,0.723360,1064,41,1016,69,105.6813,105.6813,105.6812,1466368,1421312
brc000d,264,66,112,131,32,1.051050,2.386980,676,39,824,39,106.9239,106.9239,107.5097,1462272,1421312
brc000d,265,103,21,123,119,0.844960,0.613290,383,20,427,32,106.2843,106.2843,106.2843,1441792,1421312
brc000d,266,196,111,117,53,1.220210,0.632410,1020,37,1136,63,104.7818,104.7818,105.3675,1486848,1421312
brc000d,267,157,190,81,139,1.325360,0.616230,502,18,1201,32,105.3259,105.3259,105.9117,1482752,1421312
brc000d,268,47,122,59,44,3.616300,0.847280,339,25,2042,144,102.9534,102.9533,104.7107,1486848,1425408
brc000d,269,192,75,166,171,1.294630,0.603260,980,31,1347,46,106.7696,106.7696,106.7696,1486848,1421312
brc000d,270,184,55,89,88,1.348920,0.617180,927,28,1393,43,108.6691,108.6690,108.6690,1486848,1421312
brc000d,271,80,139,158,163,1.161310,2.355780,244,18,1045,46,110.4681,110.4681,111.6396,1478656,1421312
brc000d,272,190,78,235,169,1.093660,0.633910,910,34,913,54,111.2965,111.2965,111.2965,1462272,1421312
brc000d,273,148,215,141,109,0.929930,0.540760,411,13,605,25,109.4853,109.4853,110.0711,1458176,1421312
brc000d,274,192,115,162,214,1.429950,0.642330,1039,29,1644,51,111.4264,111.4264,111.4264,1495040,1421312
brc000d,275,192,79,214,175,1.284080,0.598860,902,32,1296,52,108.4264,108.4264,108.4264,1486848,0
brc000d,276,182,101,103,36,1.358900,0.680250,1032,49,1099,66,110.0244,110.0244,110.6102,1490944,1421312
brc000d,277,24,30,90,100,1.067930,0.588960,373,24,882,49,111.3970,111.3970,111.9828,1458176,1421312
brc000d,278,192,82,172,185,1.150930,0.599480,731,28,1055,42,111.2843,111.2843,111.2843,1486848,1421312
brc000d,279,152,93,129,193,3.011740,0.615290,569,15,736,14,109.5269,109.5269,110.1127,1462272,1421312
brc000d,280,171,156,176,51,1.424820,0.662670,452,41,1262,75,112.8701,112.8701,113.4558,1482752,1421312
brc000d,281,157,222,118,127,1.637530,0.638860,524,22,1738,47,114.0833,114.0833,114.6690,1490944,1421312
brc000d,282,84,85,174,142,1.219930,2.442400,651,37,1125,58,115.3676,115.3676,115.9533,1486848,1421312
brc000d,283,201,97,177,197,1.931820,0.835630,565,48,2151,115,112.4264,112.4264,112.4264,1531904,1421312
brc000d,284,156,75,195,171,1.333440,0.707660,1072,47,1434,65,114.6397,114.6396,114.6396,1490944,1421312
brc000d,285,173,73,64,58,1.114120,0.556010,652,25,932,33,115.2132,115.2132,115.2132,1462272,1421312
brc000d,286,58,108,97,10,2.885910,0.675140,701,34,930,89,114.1544,114.1543,115.3259,1462272,1421312
brc000d,287,86,76,194,57,1.255160,0.612360,832,32,1294,54,115.8701,115.8701,115.8701,1486848,1421312
brc000d,288,199,74,94,55,1.145850,0.613010,581,25,981,36,114.5269,114.5269,114.5269,1462272,1421312
brc000d,289,173,193,100,115,1.336360,0.608670,661,29,1138,41,114.6813,114.6812,115.2670,1486848,1421312
brc000d,290,91,101,204,106,3.042520,0.570020,418,20,884,34,118.3848,118.3848,118.3848,1458176,1421312
brc000d,291,161,189,105,97,1.585810,0.691310,470,33,1572,80,118.7107,118.7107,119.2965,1486848,1421312
brc000d,292,171,55,234,144,1.184550,0.657170,689,43,949,74,118.5097,118.5097,119.6812,1462272,1421312
brc000d,293,121,196,207,121,0.907970,2.404650,510,42,530,46,117.0661,117.0660,117.0660,1462272,1421312
brc000d,294,106,40,172,129,1.293510,0.638210,1171,37,1292,42,116.3382,116.3381,116.3381,1490944,1421312
brc000d,295,196,180,105,243,1.207010,0.604070,863,17,1081,32,117.9240,117.9239,117.9239,1486848,1421312
brc000d,296,126,205,200,120,1.032500,0.769180,621,43,714,65,115.6519,115.6518,117.4092,1462272,1421312
brc000d,297,132,210,176,110,3.473960,0.650520,1047,40,1545,55,118.2254,118.2254,118.2254,1495040,1421312
brc000d,298,171,70,72,113,1.699100,0.658920,1378,36,2173,52,116.8112,116.8112,117.3970,1536000,1421312
brc000d,299,169,54,65,47,1.306200,0.587440,736,32,1347,48,116.8406,116.8406,116.8406,1486848,1421312
brc000d,300,187,78,152,186,1.639970,0.664560,1274,25,2032,31,122.4975,122.4975,122.4975,1495040,1421312
brc000d,301,31,103,139,141,1.181960,0.631270,755,23,1148,52,123.7402,123.7401,123.7401,0,1421312
brc000d,302,64,105,170,64,1.790170,0.681040,1484,41,2352,62,122.9828,122.9828,122.9828,1536000,1421312
brc000d,303,190,171,143,67,1.485420,0.685680,1057,36,1834,87,123.4681,123.4681,123.4680,1495040,1421312
brc000d,304,91,28,28,106,1.563140,2.446270,631,36,1755,126,121.2254,121.2254,122.3970,1490944,1421312
brc000d,305,243,170,139,128,1.660310,0.654260,1330,36,2088,59,121.3970,121.3970,121.3970,1536000,1421312
brc000d,306,110,181,118,104,1.884970,0.620210,511,29,2486,63,122.7402,122.7401,123.3259,1531904,1421312
brc000d,307,139,226,173,119,1.547080,0.638210,1199,20,1901,29,121.0833,121.0833,121.0833,1495040,1421312
brc000d,308,212,88,101,100,2.910130,0.590430,400,19,899,42,120.9411,120.9411,120.9411,1458176,1421312
brc000d,309,72,144,172,163,1.384900,0.596100,464,18,1376,37,122.7818,122.7818,123.3675,1482752,1421312
brc000d,310,212,135,138,42,1.020840,0.685430,594,47,815,67,123.6519,123.6518,125.4092,1462272,1421312
brc000d,311,104,88,201,159,1.159650,2.404720,884,44,1026,68,126.4092,126.4092,126.9949,1486848,1421312
brc000d,312,132,15,206,95,1.973030,0.722940,534,42,2293,101,124.4092,124.4092,126.7523,1531904,1421312
brc000d,313,145,161,126,47,1.444630,0.643730,1046,31,1528,60,124.3554,124.3554,124.3553,1490944,1421312
brc000d,314,200,141,151,40,1.642810,0.772560,662,45,1796,117,122.9534,122.9533,124.1249,1490944,1421312
brc000d,315,135,57,21,28,1.445690,0.589670,970,20,1732,39,126.0122,126.0122,126.0122,1490944,0
brc000d,316,242,170,136,204,1.353880,0.652600,897,23,1407,61,125.8823,125.8823,126.4680,1486848,1421312
brc000d,317,161,115,106,11,1.765080,0.621370,1670,34,2337,40,126.7818,126.7817,126.7817,1540096,1421312
brc000d,318,69,133,162,164,1.387500,0.651850,331,14,1397,55,126.6102,126.6102,127.7817,1482752,1421312
brc000d,319,170,118,94,23,3.018930,0.662700,1215,47,1266,54,126.4803,126.4802,126.4802,1490944,1421312
brc000d,320,72,183,181,139,1.138540,0.648760,558,28,929,41,128.3970,128.3970,129.5685,1462272,1421312
brc000d,321,124,96,120,201,1.591110,0.712120,448,45,1742,114,128.7818,128.7817,129.9533,1486848,1421312
brc000d,322,186,89,69,56,1.470180,2.450410,1054,46,1708,86,130.6691,130.6691,130.6691,1495040,1421312
brc000d,323,162,172,126,58,1.451330,0.631960,1061,34,1621,62,128.9117,128.9117,128.9117,1495040,1421312
brc000d,324,201,161,90,125,2.033580,0.783020,583,44,2245,153,128.3970,128.3970,128.3970,1531904,1425408
brc000d,325,87,72,207,99,1.390110,0.727550,914,38,1670,73,131.1838,131.1838,131.1838,1490944,1421312
brc000d,326,147,135,110,20,3.326010,0.679770,1324,42,2024,62,131.1544,131.1543,131.1543,1495040,1421312
brc000d,327,134,53,153,177,1.009710,0.584650,582,21,780,24,131.8701,131.8701,131.8701,1462272,1421312
brc000d,328,171,59,57,30,1.682130,0.695530,1361,45,2117,76,131.8112,131.8112,131.8112,1536000,1421312
brc000d,329,183,147,71,190,1.239660,0.620880,975,19,1162,29,129.8112,129.8112,129.8112,1486848,1421312
brc000d,330,79,191,199,158,19.471960,18.516920,1193,20,1778,35,133.6691,133.6691,133.6691,1495040,1429504
brc000d,331,162,200,86,114,1.751490,0.651540,633,30,1957,56,131.5392,131.5391,132.1249,0,1421312
brc000d,332,111,52,160,164,1.717830,0.783020,1402,51,2285,105,132.2965,132.2965,132.2965,1536000,1421312
brc000d,333,60,85,163,156,1.413850,0.639640,1116,34,1588,55,132.4092,132.4092,132.4092,1495040,1421312
brc000d,334,171,123,111,12,1.816780,2.363970,1813,44,2340,64,135.8529,135.8528,135.8528,1540096,1421312
brc000d,335,156,207,204,93,1.908080,0.712270,1728,44,2583,74,133.8823,133.8823,133.8822,1544192,1421312
brc000d,336,120,101,103,177,2.688200,1.004990,432,60,4130,249,133.5686,133.5685,134.1543,1613824,1425408
brc000d,337,73,187,186,141,1.189520,0.662340,918,28,1106,40,132.0539,132.0538,132.0538,1486848,1421312
brc000d,338,139,230,138,117,4.300170,0.772200,359,44,3303,125,133.2132,133.2132,134.3848,1536000,1421312
brc000d,339,50,108,24,40,2.394360,0.923920,270,26,3365,190,133.0955,133.0955,134.8528,1536000,1425408
brc000d,340,115,236,213,141,0.836210,0.669560,516,43,346,47,138.5220,138.5219,139.6934,1445888,1421312
brc000d,341,91,94,166,192,1.432740,2.463180,732,33,1484,71,134.9240,134.9239,136.0955,1486848,1421312
brc000d,342,144,63,236,154,1.346310,0.684460,631,48,1230,75,136.1372,136.1371,137.3087,1486848,1421312
brc000d,343,75,163,167,127,1.938240,0.691550,412,31,2473,90,138.2254,138.2254,139.9828,1527808,1421312
brc000d,344,143,32,215,136,1.218780,0.666320,690,40,1059,71,134.9950,134.9950,136.7523,1486848,1421312
brc000d,345,56,116,153,176,3.180310,0.640400,493,31,1314,91,135.4681,135.4681,136.0538,1482752,1421312
brc000d,346,121,9,151,133,1.092010,0.639530,711,32,980,53,136.4264,136.4264,136.4264,1462272,1421312
brc000d,347,66,93,38,11,2.694840,0.961230,342,43,3803,218,134.7524,134.7523,137.0955,1540096,1425408
brc000d,348,83,85,173,179,1.170030,2.430710,608,41,929,57,137.1372,137.1371,138.3087,1462272,1421312
brc000d,349,74,152,187,148,1.485530,0.662400,595,29,1653,50,138.6813,138.6813,138.6812,1490944,1421312
brc000d,350,183,156,79,83,1.934860,0.887420,1136,50,2248,187,138.9239,138.9239,140.6812,1536000,1425408
brc000d,351,53,104,183,131,1.094610,0.563570,668,13,920,47,141.1838,141.1838,141.1838,1466368,1421312
brc000d,352,39,21,136,94,1.388990,2.356500,853,28,1562,40,140.1250,140.1249,140.7107,1490944,1421312
brc000d,353,241,158,122,109,2.676570,1.048030,732,50,3611,207,141.7818,141.7817,142.3675,1544192,1425408
brc000d,354,233,130,115,188,2.102130,0.768120,1748,37,3060,70,142.0244,142.0244,142.0244,1544192,1421312
brc000d,355,238,120,123,188,1.931520,0.800730,1919,46,2703,82,143.1666,143.1665,143.1665,1544192,1421312
brc000d,356,151,188,76,85,3.257470,0.687710,611,40,1230,59,139.9240,139.9239,141.0955,1486848,1421312
brc000d,357,157,65,253,164,1.123710,0.667360,738,44,866,60,141.1077,141.1077,142.8650,1462272,1421312
brc000d,358,91,109,186,201,1.552290,0.680400,588,39,1576,83,141.8945,141.8945,143.0660,1490944,1421312
brc000d,359,152,144,60,55,1.877270,2.477770,847,44,2160,105,139.9950,139.9950,141.7523,1531904,1421312
brc000d,360,61,18,180,82,1.745680,0.913650,1634,43,2175,127,145.5098,145.5097,145.5097,1540096,1421312
brc000d,361,106,175,146,80,1.446450,0.593780,403,14,1568,33,143.3848,143.3848,144.5564,1490944,1421312
brc000d,362,151,129,82,12,1.713650,0.795720,1467,57,2223,114,145.5808,145.5808,145.5807,1536000,1421312
brc000d,363,79,83,158,191,3.495020,0.652320,760,34,1873,73,146.5808,146.5807,147.7523,1490944,1421312
brc000d,364,89,152,113,127,2.020560,0.769870,292,21,3325,95,145.9534,145.9533,147.7107,1536000,1421312
brc000d,365,133,58,178,186,1.564420,0.781610,1212,53,1882,94,147.2254,147.2254,147.8112,1499136,1421312
brc000d,366,159,185,103,61,1.619910,2.580660,1262,48,1966,89,147.1960,147.1960,147.1960,1495040,1421312
brc000d,367,51,138,119,238,2.211530,0.639120,263,18,2700,68,146.6935,146.6934,147.2792,1531904,1421312
brc000d,368,185,139,57,95,1.736520,0.763720,1421,58,2069,111,146.2254,146.2254,146.2254,1540096,1421312
brc000d,369,133,229,99,118,2.791300,0.766180,659,28,3654,86,146.2965,146.2965,146.8822,1544192,1421312
brc000d,370,125,104,19,16,2.548680,0.802600,549,32,2026,111,147.7229,147.7229,150.6518,1490944,0
brc000d,371,71,53,160,163,1.173400,0.657380,785,49,921,59,146.8651,146.8651,148.0366,1462272,1421312
brc000d,372,245,156,128,232,1.422410,0.729220,919,28,1372,62,149.6519,149.6518,150.2376,1486848,1421312
brc000d,373,238,144,105,189,2.092380,0.676380,1786,25,2992,50,151.6396,151.6396,151.6396,1548288,1421312
brc000d,374,132,22,219,132,3.480540,0.765140,731,45,1511,78,149.5514,149.5513,151.8944,1486848,1421312
brc000d,375,25,98,23,32,1.787560,0.870980,316,27,2538,167,150.1249,150.1249,151.2965,1531904,1425408
brc000d,376,129,131,56,191,1.656090,0.768910,542,52,2186,128,149.3259,149.3259,149.9117,1536000,1421312
brc000d,377,169,57,40,30,1.890980,2.423860,1745,40,2539,74,147.6396,147.6396,148.2254,1544192,1421312
brc000d,378,23,95,154,142,1.529370,0.637460,1186,32,1935,81,150.4681,150.4680,150.4680,1499136,1421312
brc000d,379,245,158,139,64,1.712360,0.835920,1046,57,1782,123,149.0367,149.0366,150.7939,1495040,1421312
brc000d,380,56,106,192,152,1.307920,0.661580,898,36,1405,95,155.0539,155.0538,155.6396,1490944,1421312
brc000d,381,123,45,144,187,3.592460,0.705450,727,38,2356,99,154.0122,154.0122,154.0122,1536000,1421312
brc000d,382,24,95,68,13,2.586980,1.039310,400,37,3751,261,151.2965,151.2965,152.4680,1544192,1437696
brc000d,383,130,216,142,76,1.554070,0.641790,549,29,1783,64,151.5980,151.5980,152.1838,1495040,1421312
brc000d,384,172,189,128,54,2.010000,2.402680,1617,45,2853,85,153.2254,153.2254,153.2254,1548288,1421312
brc000d,385,74,112,144,213,1.407330,0.663790,347,32,1512,105,153.2254,153.2254,154.3970,1486848,1421312
brc000d,386,208,111,86,182,1.949810,0.828900,889,42,2419,130,152.5808,152.5807,154.3381,1531904,1425408
brc000d,387,117,38,170,172,1.983660,0.763560,1388,60,2893,113,155.9534,155.9533,155.9533,1544192,1421312
brc000d,388,207,138,81,156,4.126680,1.174560,666,65,4730,272,154.1666,154.1665,154.1665,1626112,0
brc000d,389,137,197,88,76,1.721240,0.702570,818,43,1861,76,151.5808,151.5808,152.1665,1490944,1421312
brc000d,390,220,166,74,192,1.579280,0.666880,1350,21,1961,52,159.2549,159.2549,159.2548,1499136,1421312
brc000d,391,183,172,73,76,1.894860,0.716400,764,45,2119,108,156.2082,156.2082,156.7939,1531904,1421312
brc000d,392,51,85,201,65,3.228630,0.668940,551,40,1633,91,159.1127,159.1127,159.1127,1495040,1421312
brc000d,393,156,168,38,91,1.527290,0.688110,771,40,1685,87,155.1666,155.1665,156.3381,1490944,1421312
brc000d,394,103,35,226,118,1.718880,0.721600,1534,48,2216,84,157.3798,157.3797,157.3797,1540096,1421312
brc000d,395,157,221,169,71,1.943430,2.402360,888,34,2401,80,158.2843,158.2843,158.2843,1536000,1421312
brc000d,396,188,58,47,22,1.282780,0.581700,820,14,1338,41,155.9117,155.9117,156.4975,1490944,1421312
brc000d,397,215,111,128,231,1.843140,0.734620,1837,42,2456,63,156.0367,156.0366,156.0366,1540096,1421312
brc000d,398,47,98,195,125,1.717520,0.649910,1383,36,2175,78,159.1838,159.1838,159.1838,1540096,1421312
brc000d,399,160,60,163,212,2.919470,0.587830,525,25,1198,52,159.0416,159.0416,159.0416,1490944,1421312
brc000d,400,118,194,130,58,1.713160,0.681700,885,37,2074,76,161.1544,161.1543,161.7401,1536000,1421312
brc000d,401,147,100,81,146,5.247120,1.861270,598,98,9131,628,162.3260,162.3259,163.4975,1794048,1458176
brc000d,402,150,105,102,240,2.301400,7.905300,630,30,2797,119,162.4975,162.4975,163.0833,1540096,1421312
brc000d,403,186,78,148,225,21.217130,10.730800,1618,35,2762,58,162.7401,162.7401,162.7401,1552384,1425408
brc000d,404,136,194,132,45,1.401730,0.620850,881,31,1580,53,160.5980,160.5980,160.5980,1495040,1421312
brc000d,405,200,60,50,92,1.513240,0.656880,1107,39,1702,70,163.2549,163.2548,163.2548,1499136,1421312
brc000d,406,91,16,151,155,2.023820,0.752540,1908,49,2978,95,163.8529,163.8528,163.8528,1548288,1421312
brc000d,407,68,79,155,197,3.417780,0.763990,562,32,1932,125,159.8945,159.8945,161.0660,1495040,1421312
brc000d,408,125,30,197,162,2.242660,0.839180,2440,62,3281,133,161.8234,161.8234,161.8234,1556480,1425408
brc000d,409,110,17,144,164,1.922620,0.725910,1651,42,2678,89,161.0833,161.0833,161.0833,1548288,1421312
brc000d,410,83,172,224,130,1.772770,2.438590,1567,39,2301,65,165.8529,165.8528,165.8528,1544192,1421312
brc000d,411,114,43,182,182,2.115700,0.915480,2068,67,2952,160,167.1666,167.1665,167.1665,1552384,1425408
brc000d,412,111,89,252,148,2.152150,0.758480,2071,56,3304,107,165.4387,165.4386,165.4386,1556480,1421312
brc000d,413,202,173,107,46,1.646340,0.687830,1720,53,1994,64,166.3504,166.3503,166.3503,1499136,1421312
brc000d,414,38,13,41,105,4.121180,0.775040,589,38,3111,168,163.8945,163.8945,166.2376,1548288,1425408
brc000d,415,138,225,137,68,1.527370,0.633110,675,22,1693,52,165.6985,165.6985,166.2843,1495040,1421312
brc000d,416,95,103,93,163,4.163550,1.545860,443,80,7525,520,164.7524,164.7523,167.0955,1642496,1454080
brc000d,417,145,217,75,93,2.835620,1.155260,924,44,3548,111,163.6813,163.6813,164.2670,1544192,1421312
brc000d,418,46,104,193,153,1.486370,0.699030,1106,41,1729,110,167.2965,167.2965,167.8822,0,1421312
brc000d,419,138,92,74,184,3.564430,1.148740,565,65,5526,323,163.6985,163.6985,164.2843,1630208,1437696
brc000d,420,69,83,147,214,1.732810,0.689430,509,39,1869,102,169.9950,169.9950,171.1665,1495040,1421312
brc000d,421,171,208,169,45,1.767510,2.004570,859,46,2046,85,170.4559,170.4559,170.4558,1503232,1425408
brc000d,422,72,114,207,187,2.334070,0.915830,526,36,2853,209,169.9240,169.9239,170.5097,1540096,1425408
brc000d,423,79,155,218,134,1.836860,0.732630,1203,39,2534,60,169.2377,169.2376,169.2376,1540096,1421312
brc000d,424,84,89,223,164,1.878690,0.791680,2036,55,2627,94,170.0661,170.0661,170.0660,1548288,1421312
brc000d,425,182,198,69,85,3.167910,0.698740,742,49,1349,65,168.5930,168.5930,169.7645,1490944,1421312
brc000d,426,183,115,76,141,5.614080,1.819960,745,108,8771,534,168.4803,168.4802,169.6518,1794048,1458176
brc000d,427,112,241,99,121,2.830790,0.774480,533,28,3829,100,166.9239,166.9239,168.0955,1548288,1421312
brc000d,428,177,121,19,89,1.540340,2.285750,1081,25,1939,37,171.2549,171.2548,171.2548,1503232,1421312
brc000d,429,29,125,174,66,2.224560,0.845550,2209,60,3360,137,169.4386,169.4386,169.4386,1556480,1425408
brc000d,430,191,63,32,95,2.246150,0.886890,800,46,3065,132,173.0833,173.0833,173.0833,1540096,1425408
brc000d,431,184,129,65,14,2.228190,0.759370,970,59,2425,102,172.4925,172.4925,173.6640,1536000,1421312
brc000d,432,61,151,163,111,3.825070,0.691190,563,28,2988,90,172.6102,172.6102,173.1960,1544192,1421312
brc000d,433,113,22,171,171,2.262780,0.928320,2138,60,3514,165,173.0244,173.0244,173.0244,1556480,1425408
brc000d,434,126,46,115,185,4.724280,1.334920,688,78,6885,378,174.0833,174.0833,174.6691,1642496,1437696
brc000d,435,65,181,230,157,1.610120,2.418950,1081,22,2091,50,174.9412,174.9411,174.9411,1540096,1421312
brc000d,436,115,40,213,173,1.663620,0.747110,1684,65,2009,75,173.5930,173.5930,173.5929,1503232,1421312
brc000d,437,98,88,85,181,4.985310,1.549340,440,70,7016,520,174.3676,174.3676,175.5391,1638400,1454080
brc000d,438,79,187,224,117,1.602630,0.764210,1485,43,1908,71,173.9950,173.9950,173.9949,1499136,1421312
brc000d,439,201,59,117,192,4.682050,0.954880,533,39,3579,206,174.8235,174.8234,175.4092,1548288,1425408
brc000d,440,72,85,144,221,1.949350,0.691890,475,38,2162,111,174.9950,174.9950,176.1665,1531904,1421312
brc000d,441,167,207,167,39,2.047710,0.701370,840,49,2504,100,177.9411,177.9411,177.9411,1536000,1421312
brc000d,442,55,97,127,205,2.771210,2.667830,494,46,4004,235,177.4803,177.4803,178.0660,1544192,1425408
brc000d,443,235,167,89,92,2.594610,0.819260,2749,68,4058,124,177.0661,177.0660,177.0660,1564672,1421312
brc000d,444,29,23,26,125,1.825440,0.687020,507,40,2517,99,174.0367,174.0366,176.3797,1531904,1421312
brc000d,445,71,145,197,113,1.759400,0.742030,615,43,2157,85,175.5220,175.5219,176.6934,1536000,1421312
brc000d,446,96,115,63,186,4.946800,1.132970,565,64,5841,333,178.7107,178.7107,179.8822,1638400,1437696
brc000d,447,156,161,78,21,3.706140,1.194400,890,70,4799,315,176.4092,176.4092,176.9949,1626112,1437696
brc000d,448,65,101,209,174,2.664650,0.989890,841,60,3548,213,176.5808,176.5807,177.1665,1544192,1425408
brc000d,449,112,32,246,134,1.699480,2.447880,1541,56,2143,90,176.2499,176.2498,176.2498,1544192,1421312
brc000d,450,130,81,91,148,6.660250,2.317740,542,88,12132,793,182.2254,182.2254,183.3970,1818624,1458176
brc000d,451,169,79,81,193,3.972140,1.218740,846,58,5884,365,179.1544,179.1543,180.9117,1634304,1437696
brc000d,452,206,142,38,111,1.490640,0.700550,1140,48,1785,90,180.8407,180.8406,180.8406,1499136,1421312
brc000d,453,117,9,183,163,4.284640,0.849120,2436,58,3950,134,181.3382,181.3381,181.3381,1560576,1425408
brc000d,454,72,105,91,188,3.458700,1.119860,532,61,5971,347,179.6813,179.6813,180.8528,1634304,1437696
brc000d,455,26,95,193,56,2.187640,0.834530,2099,61,3284,151,183.9828,183.9828,183.9828,1556480,1425408
brc000d,456,158,214,145,38,0.997580,2.339470,658,21,672,34,181.3848,181.3848,181.3848,1466368,1421312
brc000d,457,111,65,101,171,5.921190,1.880390,541,75,9544,642,178.9534,178.9533,180.1249,1798144,1454080
brc000d,458,156,109,19,14,3.653460,1.079040,608,39,4485,274,182.7940,182.7940,183.3797,1622016,1437696
brc000d,459,230,144,73,79,2.557300,0.943360,2375,73,3782,183,183.9240,183.9239,183.9239,1560576,1425408
brc000d,460,72,179,245,171,4.115710,0.685150,746,18,2686,80,184.1127,184.1127,184.5980,1540096,1421312
brc000d,461,73,111,234,168,2.139170,0.793200,2362,53,2927,128,184.6102,184.6102,185.1960,1552384,1421312
brc000d,462,233,158,61,189,1.836670,0.620890,1792,17,2415,38,184.8407,184.8406,184.8406,1544192,1421312
brc000d,463,29,91,202,127,1.910720,2.587540,1500,44,2783,94,187.9117,187.9117,187.9117,1544192,1421312
brc000d,464,59,142,138,100,2.041400,0.713470,356,20,3177,94,185.6102,185.6102,186.1960,1540096,1421312
brc000d,465,167,72,75,179,5.020290,1.608860,597,70,7438,505,186.0122,186.0122,186.5980,1646592,1437696
brc000d,466,87,55,178,202,1.782730,0.688590,1843,56,2223,84,184.6935,184.6935,185.2792,1544192,1421312
brc000d,467,110,241,88,106,5.001050,0.831480,702,34,4249,130,186.1372,186.1371,187.3087,1622016,1425408
brc000d,468,153,219,106,52,2.129800,0.806080,1973,56,3002,100,186.4681,186.4680,186.4680,1548288,1421312
brc000d,469,235,153,106,34,2.045220,0.897540,1440,66,2383,148,184.7352,184.7351,185.9066,1540096,1425408
brc000d,470,36,115,136,209,2.235520,2.827040,459,46,3276,198,190.9534,190.9534,191.5391,1540096,1425408
brc000d,471,212,145,51,154,4.825860,1.265240,940,62,6784,328,191.2377,191.2376,191.2376,1642496,1437696
brc000d,472,77,30,221,129,2.937270,1.000050,1680,80,3955,210,187.9362,187.9361,189.5929,1556480,1425408
brc000d,473,210,117,60,212,2.015340,0.815950,1890,50,2860,112,189.3504,189.3503,189.9361,1548288,1421312
brc000d,474,63,44,213,136,3.675060,19.459080,2575,75,3300,164,188.1078,188.1077,188.1077,1560576,1437696
brc000d,475,200,155,38,89,20.727540,1.128480,1796,79,4663,270,191.0955,191.0955,191.6812,1642496,1437696
brc000d,476,223,138,55,92,2.208420,0.746460,2178,48,3071,118,187.6396,187.6396,188.2254,1556480,1421312
brc000d,477,154,200,32,126,4.543370,0.846540,478,35,6599,203,188.0245,188.0244,189.1960,1634304,1425408
brc000d,478,88,83,245,161,2.513530,2.496450,2803,60,3948,112,189.3087,189.3087,189.3087,1564672,1421312
brc000d,479,136,220,59,86,3.695800,0.863800,1191,49,5061,152,189.3088,189.3087,189.8944,1630208,1425408
brc000d,480,72,12,207,138,2.132410,0.954050,1205,65,2501,167,193.0489,193.0488,194.2204,1540096,1425408
brc000d,481,155,89,68,137,7.300210,2.448670,832,96,12716,869,191.3676,191.3675,192.5391,1822720,1458176
brc000d,482,24,100,167,191,4.021920,0.848030,759,37,3070,170,192.4092,192.4092,192.9949,1548288,1425408
brc000d,483,97,39,118,194,4.980110,1.554680,859,86,7435,493,193.8234,193.8234,194.4092,1646592,1437696
brc000d,484,32,91,151,204,2.367040,0.815090,448,25,3145,172,194.5097,194.5097,195.0955,1540096,1425408
brc000d,485,123,80,74,152,6.581630,3.882910,637,81,11900,782,192.6813,192.6812,193.2670,1822720,1454080
brc000d,486,236,164,88,54,2.803020,1.103150,1446,77,3585,204,194.3920,194.3920,194.3919,1552384,1425408
brc000d,487,131,16,251,149,2.043260,0.773650,1136,62,2567,125,190.9068,190.9067,192.0782,1544192,1421312
brc000d,488,193,66,133,234,2.743390,0.762450,2798,44,4494,81,192.8529,192.8528,192.8528,1638400,1421312
brc000d,489,77,179,73,97,4.424970,0.762670,621,42,4171,130,193.9240,193.9239,195.0955,1626112,1425408
brc000d,490,161,137,14,36,3.115850,0.993530,1239,66,4217,252,195.7646,195.7645,197.5219,1626112,1425408
brc000d,491,143,38,130,225,2.052000,0.742820,1116,43,2577,89,196.5269,196.5269,197.1127,1544192,1421312
brc000d,492,77,132,94,115,2.132630,2.440850,438,30,3855,123,194.8945,194.8945,196.6518,1544192,1421312
brc000d,493,200,103,29,33,2.513750,0.885080,2533,60,3820,156,199.9950,199.9950,199.9949,1560576,1425408
brc000d,494,212,80,35,79,4.378810,1.365050,894,85,6103,378,199.0122,199.0122,199.5980,1634304,1437696
brc000d,495,109,235,91,90,3.234890,0.787240,796,36,4485,123,197.0661,197.0661,198.8234,1622016,1421312
brc000d,496,136,46,89,187,7.746770,1.708070,865,74,9166,573,196.7696,196.7696,197.3553,1794048,1454080
brc000d,497,162,158,59,22,5.635840,1.596900,699,76,7518,518,195.0661,195.0661,197.4092,1646592,1454080
brc000d,498,193,156,22,95,2.102420,0.746410,2077,53,2919,120,196.2671,196.2670,196.2670,1552384,1421312
brc000d,499,115,75,71,198,5.395690,2.946540,851,72,8671,574,199.0244,199.0244,199.6102,1789952,1454080
brc000d,500,174,202,27,101,3.974350,0.836250,1172,48,5487,150,202.8945,202.8945,203.4802,1634304,1425408
brc000d,501,19,16,167,128,1.838190,0.792350,1329,57,2488,136,199.6641,199.6641,201.4214,1540096,1425408
brc000d,502,219,120,62,11,2.468160,1.139670,2872,75,3665,219,202.1494,202.1493,202.1493,1564672,1425408
brc000d,503,200,140,59,12,4.671680,0.951480,1179,72,3397,183,199.8773,199.8773,201.0488,1552384,1425408
brc000d,504,239,151,67,213,4.045740,1.042400,742,37,5378,187,202.3676,202.3676,202.9533,1630208,1425408
brc000d,505,123,15,161,202,2.378400,0.780790,2111,46,3563,116,202.7401,202.7401,202.7401,1556480,1421312
brc000d,506,84,10,154,183,2.428070,2.556760,2493,57,3737,119,201.9950,201.9950,201.9949,1560576,1425408
brc000d,507,89,155,61,111,2.482930,0.756830,499,36,4388,129,201.5808,201.5808,203.3381,1617920,1425408
brc000d,508,67,86,121,229,3.706680,1.070550,625,46,5121,301,199.4509,199.4508,200.6224,1630208,1437696
brc000d,509,146,36,90,191,5.951240,2.222780,829,78,8804,543,203.2843,203.2843,203.8701,1794048,1454080
brc000d,510,117,67,65,183,6.146540,1.889830,628,64,10202,644,205.9828,205.9828,206.5685,0,1454080
brc000d,511,252,153,82,143,5.977960,1.723460,713,71,8581,526,203.7818,203.7818,204.3675,1789952,1454080
brc000d,512,99,181,87,50,3.458440,0.959730,951,66,5310,241,203.0661,203.0661,204.2376,1630208,1425408
brc000d,513,62,99,248,146,4.080060,0.755490,2519,60,3685,126,205.4681,205.4680,205.4680,1560576,1421312
brc000d,514,37,35,205,131,2.750580,0.949560,3295,79,4445,202,207.7646,207.7646,207.7645,1642496,1425408
brc000d,515,14,34,204,66,2.225560,0.704020,1036,42,2909,120,204.0833,204.0833,204.6691,1544192,1421312
brc000d,516,143,34,90,173,7.349010,3.997890,641,79,11449,813,205.6985,205.6985,206.2843,1818624,1454080
brc000d,517,47,12,151,156,2.344540,0.710560,2168,46,3389,81,204.0661,204.0660,204.6518,1556480,1421312
brc000d,518,130,36,129,226,2.900580,0.856460,1243,49,4002,159,205.3259,205.3259,205.9117,1552384,1425408
brc000d,519,20,14,177,117,1.821110,0.731160,778,46,2132,86,205.5220,205.5219,206.6934,1536000,1421312
brc000d,520,240,151,52,97,4.502570,0.808260,2865,56,4332,139,210.3676,210.3675,210.3675,1638400,1425408
brc000d,521,183,119,22,13,4.210370,1.253860,1061,46,5839,343,210.7646,210.7645,211.9361,1638400,1437696
brc000d,522,70,210,193,82,2.697510,0.783100,1228,55,3982,127,207.6519,207.6518,209.4092,1552384,1421312
brc000d,523,151,56,70,200,5.479880,3.310310,846,83,8330,502,207.4264,207.4264,208.0122,1789952,1437696
brc000d,524,139,48,75,171,7.441720,2.336800,671,72,12286,856,209.1838,209.1838,209.7695,1822720,1454080
brc000d,525,151,160,13,39,3.676760,1.122090,638,51,4771,326,208.0783,208.0782,209.8356,1626112,1437696
brc000d,526,178,170,64,16,5.224350,1.686140,1154,86,6822,511,210.5931,210.5930,211.1787,1646592,1445888
brc000d,527,63,187,102,74,4.784730,0.729580,701,34,4149,118,208.8529,208.8529,209.4386,1622016,1421312
brc000d,528,111,51,89,159,7.755670,2.340750,534,63,13901,851,209.9239,209.9239,211.0955,1835008,1454080
brc000d,529,240,150,45,113,2.159130,0.807380,1812,61,3151,150,210.3259,210.3259,210.3259,1552384,1425408
brc000d,530,237,149,48,90,3.011520,2.697410,3361,67,4545,140,213.4387,213.4386,213.4386,1642496,1425408
brc000d,531,75,162,185,58,2.720960,0.909800,1440,67,4498,163,214.5097,214.5097,215.6812,1626112,1425408
brc000d,532,194,61,69,185,5.363910,1.811880,804,57,8010,586,215.0244,215.0244,215.6102,1650688,1454080
brc000d,533,242,142,76,132,7.881390,2.558660,1001,80,11632,806,211.8234,211.8234,212.4092,1814528,1454080
brc000d,534,148,43,71,173,7.652820,2.491700,743,73,12226,910,215.2843,215.2843,215.8701,0,1454080
brc000d,535,67,187,127,54,2.939780,0.732330,894,34,4441,117,214.4975,214.4975,215.0833,1622016,1421312
brc000d,536,59,30,119,180,5.559570,1.650630,496,69,8207,572,211.7646,211.7646,212.9361,1785856,1454080
brc000d,537,61,93,85,153,7.062960,2.113490,466,82,10489,693,212.6935,212.6935,214.4508,1802240,1454080
brc000d,538,136,65,68,144,7.999120,2.713970,592,72,14584,966,211.6102,211.6102,212.1960,1839104,1454080
brc000d,539,245,164,61,87,3.614130,1.162520,3816,78,6060,263,215.8945,215.8945,215.8944,1658880,1437696
brc000d,540,50,89,126,237,3.353840,2.708560,729,39,4970,277,218.2082,218.2082,218.7939,1626112,1437696
brc000d,541,105,59,74,200,6.539840,1.958610,641,66,10667,679,218.1666,218.1666,219.3381,1806336,1454080
brc000d,542,128,239,119,40,2.471230,0.728040,1410,34,3471,96,219.2965,219.2965,219.2965,1548288,1421312
brc000d,543,103,239,102,66,2.419490,0.854030,1256,46,3452,139,218.3087,218.3087,218.8944,1548288,1425408
brc000d,544,71,205,175,59,18.919040,24.591490,1052,56,4275,156,217.7818,217.7818,218.9533,1626112,1445888
brc000d,545,38,41,208,153,2.329940,1.032870,2708,85,3414,203,218.8773,218.8773,218.8772,1560576,1425408
brc000d,546,225,144,54,30,2.748850,1.020360,3320,84,4096,199,218.2205,218.2204,218.2204,1572864,1425408
brc000d,547,106,71,59,195,6.230870,1.874770,866,67,10509,639,217.5097,217.5097,218.0955,1806336,1454080
brc000d,548,198,66,107,240,5.740260,1.218560,870,38,5574,271,216.3798,216.3797,216.9655,1634304,1437696
brc000d,549,30,83,167,213,2.643250,0.847430,898,33,3795,180,216.0367,216.0366,217.2081,1548288,1425408
brc000d,550,180,206,22,86,4.027470,0.858670,1862,48,5778,160,220.5930,220.5930,221.1787,1642496,1425408
brc000d,551,66,202,197,66,3.226680,2.517330,1900,68,4813,145,221.3087,221.3087,221.8944,1634304,1425408
brc000d,552,113,185,96,14,3.731020,0.953910,2657,75,6052,186,220.5098,220.5097,221.0955,1650688,1425408
brc000d,553,48,95,80,173,4.546810,1.677680,479,70,8396,547,219.2377,219.2376,220.4092,1785856,1454080
brc000d,554,71,203,142,44,2.802220,0.660790,503,19,3797,91,222.0833,222.0833,223.2548,1544192,1421312
brc000d,555,94,154,150,30,3.620460,0.651750,476,20,2800,71,220.1838,220.1838,221.3553,1540096,1421312
brc000d,556,75,135,69,108,2.251040,0.777040,610,37,4293,137,220.6225,220.6224,222.3797,1622016,1425408
brc000d,557,63,184,60,98,2.784670,0.858710,784,47,4630,146,220.9240,220.9240,222.0955,1626112,1425408
brc000d,558,25,89,232,129,2.287540,2.379310,2322,53,3372,117,223.5686,223.5686,223.5685,1556480,1421312
brc000d,559,19,48,169,148,2.796790,1.023580,800,57,3512,260,217.8063,217.8062,220.7351,1544192,1437696
brc000d,560,91,24,103,175,7.700840,2.359610,466,55,12394,860,223.4092,223.4092,224.5807,1818624,1454080
brc000d,561,86,165,71,54,2.500490,0.737320,625,45,4068,114,223.4215,223.4214,225.1787,1548288,1421312
brc000d,562,135,227,31,87,5.919670,0.985850,1120,55,6655,202,224.3087,224.3087,224.8944,1646592,1425408
brc000d,563,118,43,71,178,7.855140,2.247570,545,51,12991,804,223.9828,223.9828,224.5685,1826816,1454080
brc000d,564,75,32,135,220,4.270060,1.399800,1002,67,5996,397,223.6225,223.6224,224.2081,1634304,1437696
brc000d,565,66,182,85,61,3.512710,0.735920,675,44,4271,136,224.4093,224.4092,226.1665,1622016,0
brc000d,566,253,151,83,18,2.526250,1.113400,2690,92,3417,227,225.0906,225.0905,225.6762,1560576,1429504
brc000d,567,215,164,42,39,3.629570,1.188770,2044,95,4978,301,225.6053,225.6052,225.6051,1634304,1441792
brc000d,568,21,37,207,128,2.910250,1.398700,3431,79,4838,216,226.1788,226.1788,226.1787,1646592,1429504
brc000d,569,81,14,241,155,2.626480,1.137320,1103,60,3272,238,223.0906,223.0905,224.8478,0,1425408
brc000d,570,75,187,94,43,3.455730,0.933010,1622,63,5266,187,231.1666,231.1666,231.7523,1638400,1425408
brc000d,571,214,161,38,31,3.616620,1.180550,4078,103,4853,254,229.8479,229.8478,229.8478,1654784,1433600
brc000d,572,58,152,140,53,3.991430,0.661260,600,21,3291,80,231.1249,231.1249,231.7107,1544192,1421312
brc000d,573,229,158,48,37,3.235120,1.264130,3659,101,5280,292,231.1200,231.1199,231.1198,1654784,1441792
brc000d,574,69,197,156,38,2.879630,0.706830,602,30,4051,109,228.0833,228.0833,228.6691,1548288,1421312
brc000d,575,95,157,106,36,3.081360,2.613420,1798,45,5289,128,227.3382,227.3381,228.5097,1638400,1421312
brc000d,576,85,147,46,110,2.459910,0.796700,604,36,4490,139,226.6519,226.6519,228.4092,1622016,1425408
brc000d,577,133,35,72,195,7.710470,2.172410,814,71,12036,763,229.3259,229.3259,229.9117,1818624,1454080
brc000d,578,134,221,75,29,3.563600,1.125440,2295,80,4978,238,228.0367,228.0367,228.6224,1638400,1425408
brc000d,579,198,67,72,136,11.481120,3.666980,634,86,15767,1253,229.3504,229.3503,230.5219,1847296,1478656
brc000d,580,35,99,240,166,3.266160,0.986870,3411,83,5495,211,232.7524,232.7523,232.7523,1650688,1425408
brc000d,581,79,20,246,166,3.281970,1.211480,2360,82,4517,254,233.3332,233.3331,234.5046,1634304,1429504
brc000d,582,45,39,144,218,2.363540,2.482200,719,52,3161,153,231.1788,231.1788,232.3503,1544192,1429504
brc000d,583,156,40,75,144,9.098750,3.377240,496,60,15633,1208,231.1250,231.1249,232.8822,1843200,1478656
brc000d,584,188,158,35,11,5.948880,1.851500,1054,62,8087,582,233.8063,233.8062,234.3919,1654784,1454080
brc000d,585,163,181,19,45,6.401010,1.508920,971,79,9046,517,232.8773,232.8773,234.6346,1794048,1454080
brc000d,586,18,30,164,184,3.819410,0.781030,1353,62,2706,110,232.0489,232.0489,233.2204,1544192,1421312
brc000d,587,227,144,18,88,3.362500,0.906760,3307,63,4924,155,232.1960,232.1960,232.1960,1646592,1425408
brc000d,588,69,23,136,207,4.214940,1.204570,1055,76,6087,347,232.2377,232.2376,232.8234,1638400,1437696
brc000d,589,85,191,120,21,3.303720,0.764980,1464,35,5165,130,234.0539,234.0538,234.6396,1634304,0
brc000d,590,85,49,65,181,7.343180,2.153800,451,59,12379,786,237.2377,237.2376,238.4092,1818624,1454080
brc000d,591,92,10,156,221,2.824900,0.900540,2796,58,4740,128,237.5097,237.5097,237.5097,1642496,1421312
brc000d,592,95,57,61,203,6.753560,3.824380,1003,58,11511,754,237.3798,237.3798,237.9655,1814528,1454080
brc000d,593,57,95,66,147,5.586340,2.245880,748,67,11606,759,235.0072,235.0072,236.1787,1814528,1454080
brc000d,594,89,64,64,146,7.787990,2.623070,786,58,15115,929,236.0783,236.0782,237.8356,1843200,1454080
brc000d,595,68,211,155,41,2.906380,0.730300,452,29,4091,127,236.1544,236.1543,237.9117,1544192,1421312
brc000d,596,64,186,40,112,4.352440,0.779460,523,34,4609,139,234.9534,234.9534,236.1249,1626112,1425408
brc000d,597,167,189,51,17,7.200380,1.839980,996,85,9848,617,237.6225,237.6224,238.2081,1802240,1454080
brc000d,598,60,30,98,174,7.119010,2.193190,559,62,11719,782,235.6641,235.6641,236.8356,1814528,1454080
brc000d,599,87,38,81,162,8.242700,2.578140,567,55,14604,959,238.4509,238.4508,239.0366,1839104,0
brc000d,600,106,241,36,121,4.312310,0.951180,441,40,6685,212,242.5514,242.5513,243.7229,1638400,1425408
brc000d,601,100,35,74,198,8.026990,2.091050,751,52,12987,779,242.2377,242.2376,243.4092,1826816,1454080
brc000d,602,89,145,69,55,2.589560,2.505040,717,44,4366,148,239.6641,239.6641,242.0071,1622016,1425408
brc000d,603,166,49,55,150,9.167390,3.365760,774,80,15821,1182,241.4387,241.4386,242.0244,1847296,1478656
brc000d,604,56,16,123,186,6.647490,1.819250,779,82,9252,595,239.5514,239.5513,240.7229,1798144,1454080
brc000d,605,227,136,35,24,5.918150,1.905590,1796,86,8029,555,240.9778,240.9778,242.7351,1658880,1458176
brc000d,606,38,83,76,182,5.744410,1.563910,410,67,7426,520,240.5808,240.5808,242.3381,1642496,1454080
brc000d,607,82,152,132,21,2.560140,0.696110,1120,31,4262,105,241.1249,241.1249,242.2965,1626112,1421312
brc000d,608,222,151,44,11,4.534090,1.343010,1227,71,6172,350,241.8479,241.8479,243.0193,1642496,1437696
brc000d,609,75,186,62,48,3.017710,2.459330,727,44,4484,141,241.3504,241.3504,243.1077,1622016,1425408
brc000d,610,75,169,79,37,2.936650,0.918410,1691,72,4960,198,245.8651,245.8651,247.0366,1634304,1425408
brc000d,611,57,46,76,178,6.942120,2.153530,606,60,12063,777,245.3504,245.3503,247.1077,1818624,1454080
brc000d,612,149,40,69,131,9.728740,5.382770,657,59,17392,1296,244.2965,244.2965,246.0538,2125824,1478656
brc000d,613,59,204,79,58,23.457820,14.807580,811,46,4171,140,245.4215,245.4214,246.5929,1622016,1437696
brc000d,614,210,181,35,31,2.684170,1.102650,2128,83,3648,290,242.9901,242.9900,245.9188,1560576,1437696
brc000d,615,108,26,75,190,8.077480,2.312080,545,55,13254,846,244.1960,244.1960,245.0244,1826816,1454080
brc000d,616,117,234,97,25,3.409040,0.943110,2238,62,5358,157,245.3087,245.3087,245.8944,1642496,1425408
brc000d,617,153,200,23,25,6.238250,1.037450,957,63,6187,270,244.5636,244.5636,246.9066,1638400,1437696
brc000d,618,71,57,63,192,6.565520,2.040280,752,65,11375,711,243.1077,243.1077,244.8650,1814528,1454080
brc000d,619,53,13,196,185,3.574910,1.159470,1722,81,5065,248,246.1200,246.1199,246.7056,1634304,1425408
brc000d,620,66,11,175,210,3.157560,2.681230,3875,76,5236,183,249.4215,249.4214,250.0071,1654784,1429504
brc000d,621,88,145,132,18,2.489080,0.698650,1208,31,4207,117,248.6396,248.6396,249.8112,1626112,1421312
brc000d,622,111,190,61,15,7.017730,1.555500,965,85,10284,512,248.6225,248.6224,249.7939,1806336,1445888
brc000d,623,113,16,79,190,8.588150,4.074400,683,57,13218,825,247.5391,247.5391,248.1249,1826816,1454080
brc000d,624,69,175,87,33,3.294530,0.989830,1860,66,5538,196,250.0661,250.0661,250.6518,1638400,1425408
brc000d,625,16,23,124,187,5.114560,1.473680,631,67,7674,504,249.1200,249.1199,250.8772,1646592,1437696
brc000d,626,134,18,67,192,8.407150,2.423700,722,59,13453,899,249.6691,249.6691,250.2548,1830912,1454080
brc000d,627,18,40,188,191,3.124660,0.741890,939,66,1614,104,249.8185,249.8185,250.9899,1495040,1421312
brc000d,628,34,106,67,200,3.834890,1.484770,715,66,7244,503,246.8235,246.8234,248.5807,1646592,1437696
brc000d,629,104,30,75,153,8.775700,2.828400,535,62,15906,1068,249.1372,249.1371,249.7229,1851392,1478656
brc000d,630,29,92,85,147,5.610400,4.250410,526,79,11450,808,251.1077,251.1077,252.8650,1814528,1454080
brc000d,631,250,149,49,22,4.304560,1.537800,5117,116,7085,385,253.6053,253.6052,254.7767,1679360,1441792
brc000d,632,108,238,107,23,3.116870,0.914610,2090,65,4708,161,253.8235,253.8234,254.4092,1638400,1425408
brc000d,633,73,174,100,20,3.604820,0.920010,2353,68,6324,175,254.0955,254.0955,254.6812,1650688,1425408
brc000d,634,52,149,46,114,4.339660,0.897490,445,34,4568,153,252.1372,252.1371,253.3087,1622016,1425408
brc000d,635,45,33,136,234,3.566250,0.897910,882,53,4770,243,252.1494,252.1493,253.3208,1626112,1425408
brc000d,636,40,17,219,171,1.699710,0.827800,1455,75,2070,91,252.1617,252.1616,252.7473,1540096,1421312
brc000d,637,98,172,70,14,5.201790,2.546020,1062,79,8100,364,253.0367,253.0366,254.2081,1658880,1437696
brc000d,638,156,197,28,17,6.425070,1.662120,1064,86,8915,547,252.8774,252.8773,254.6346,1798144,1458176
brc000d,639,107,187,59,21,7.305250,1.650260,769,91,10901,549,250.8945,250.8945,252.0660,1810432,1458176
brc000d,640,59,34,81,158,8.050000,4.509900,417,63,14460,955,255.7058,255.7057,256.8772,1835008,1454080
brc000d,641,73,137,32,122,2.880490,0.874830,413,40,5411,176,258.1077,258.1077,259.8650,1626112,1425408
brc000d,642,133,211,19,39,6.291090,1.408540,677,64,9035,407,258.0489,258.0489,259.2203,1794048,1437696
brc000d,643,124,241,67,29,3.763810,1.000050,1939,65,5319,204,255.4925,255.4925,256.0782,1638400,1429504
brc000d,644,82,147,60,40,4.236570,0.773800,724,48,4106,128,256.9484,256.9484,258.7056,1622016,1421312
brc000d,645,62,141,89,51,3.369000,1.132900,730,64,5637,273,255.4925,255.4925,257.2498,1634304,1437696
brc000d,646,62,214,81,51,3.103120,0.802240,1055,50,4386,172,255.0783,255.0783,256.8356,1626112,1425408
brc000d,647,78,31,67,183,8.057150,4.167440,447,59,13279,854,256.1372,256.1371,257.3087,1822720,1454080
brc000d,648,124,202,14,34,5.422030,1.219100,837,56,7631,331,255.7058,255.7057,257.4630,1646592,1437696
brc000d,649,109,9,79,172,9.020880,2.555890,538,51,14669,945,256.1960,256.1960,256.7817,1839104,1454080
brc000d,650,39,23,208,185,2.677780,2.902010,3129,84,4366,195,260.1200,260.1200,261.2914,1642496,1425408
brc000d,651,57,196,33,90,3.312330,0.906970,1127,52,5314,180,262.2083,262.2082,263.3797,1634304,1425408
brc000d,652,74,35,77,146,9.055440,2.992960,432,69,15701,1101,259.2205,259.2204,260.9777,1843200,1478656
brc000d,653,59,150,108,36,3.093530,0.797550,1832,49,5454,141,259.5514,259.5513,260.1371,1638400,1425408
brc000d,654,152,211,16,20,6.836660,0.992870,1141,55,6804,233,261.3921,261.3920,263.1493,1650688,1425408
brc000d,655,88,150,114,10,3.158830,0.757450,1987,39,5765,128,259.0955,259.0955,260.2670,1642496,1421312
brc000d,656,34,23,164,199,2.472580,0.767780,1910,64,3897,134,259.9484,259.9484,261.4802,1556480,1425408
brc000d,657,65,208,25,107,2.864240,2.602680,650,41,4893,164,260.7229,260.7229,262.4802,1626112,1425408
brc000d,658,64,211,37,92,3.156520,0.908150,922,53,5226,194,258.3504,258.3503,260.1076,1630208,1425408
brc000d,659,70,196,25,83,3.279460,0.919550,1070,49,5445,165,260.1078,260.1077,261.2792,1634304,1425408
brc000d,660,59,199,70,41,2.991990,0.850190,1059,54,4489,160,264.0783,264.0783,265.2498,1630208,1425408
brc000d,661,116,230,44,43,7.835840,1.175990,709,60,8453,325,263.2916,263.2915,265.6346,1789952,1437696
brc000d,662,60,47,65,149,7.839240,2.664280,571,61,15049,1007,264.9484,264.9483,266.7056,1843200,1454080
brc000d,663,134,25,53,146,9.729440,2.950950,753,54,17156,1138,266.6102,266.6102,267.1960,2125824,1478656
brc000d,664,75,142,25,95,4.243600,0.809440,935,49,5045,161,263.0072,263.0072,264.7645,1626112,1425408
brc000d,665,59,38,103,240,5.800420,1.605630,812,64,8841,572,264.5342,264.5341,265.7056,1794048,1454080
brc000d,666,86,191,69,18,6.246650,1.664540,1125,91,9565,481,264.7940,264.7940,266.5513,1802240,1441792
brc000d,667,96,28,79,139,9.099060,5.084530,471,64,17127,1245,263.2793,263.2792,264.4508,2121728,1478656
brc000d,668,35,21,191,193,3.377770,1.292160,3703,109,5805,303,265.9068,265.9067,266.4924,1658880,1441792
brc000d,669,46,39,76,190,7.141870,2.111790,818,64,12092,739,262.5636,262.5636,264.3209,1818624,1454080
brc000d,670,40,12,176,203,3.523470,1.126860,3976,79,5858,227,268.4215,268.4214,269.0071,1658880,1425408
brc000d,671,91,22,82,141,9.715310,3.343390,488,64,17091,1253,268.1077,268.1077,269.2792,0,1478656
brc000d,672,19,18,221,167,2.910280,1.161090,3235,99,4566,243,267.8185,267.8184,268.4041,1642496,1429504
brc000d,673,107,184,22,19,5.151850,1.140580,621,69,7769,330,266.6347,266.6346,268.9777,1650688,1437696
brc000d,674,74,197,90,10,5.845920,1.025600,2753,81,6828,224,270.9656,270.9656,271.5513,1662976,1425408
brc000d,675,28,15,246,136,2.556530,1.075170,2844,68,4151,191,268.1200,268.1199,268.1198,1638400,1425408
brc000d,676,21,97,58,193,4.535370,1.801430,739,70,8178,573,269.0661,269.0661,270.2376,1650688,1454080
brc000d,677,70,175,94,11,4.396920,3.467680,2716,67,6626,170,268.1666,268.1666,268.7523,1658880,1425408
brc000d,678,98,12,72,162,9.900610,2.859360,553,50,15869,1098,268.8945,268.8945,269.4802,1851392,1478656
brc000d,679,108,14,71,151,9.365820,3.013270,544,57,16427,1136,268.3087,268.3087,268.8944,2121728,1478656
brc000d,680,31,85,65,136,5.964740,6.547450,740,72,12994,845,272.4631,272.4630,274.8061,1826816,1454080
brc000d,681,85,16,80,147,32.638120,12.625860,396,62,16371,1195,271.4214,271.4214,272.5929,1847296,1482752
brc000d,682,172,209,21,14,5.053940,1.231310,843,74,6920,356,271.6053,271.6052,273.3625,1642496,1437696
brc000d,683,107,18,67,210,8.759150,2.369880,556,54,14084,865,271.2377,271.2376,272.4091,1835008,1454080
brc000d,684,55,43,77,136,8.441880,3.041560,526,66,16195,1136,272.6053,272.6052,274.9483,1851392,1478656
brc000d,685,158,215,36,20,9.705460,2.024180,762,85,13866,744,273.6519,273.6519,274.2376,0,1454080
brc000d,686,61,209,57,45,3.157180,0.818290,788,51,4750,161,271.1200,271.1199,272.8772,1626112,1425408
brc000d,687,213,185,31,17,7.568820,2.259950,977,62,10464,762,272.6764,272.6763,273.2620,1806336,1454080
brc000d,688,24,16,148,222,3.868990,0.726240,1517,56,3139,120,273.9068,273.9067,275.6640,1548288,1421312
brc000d,689,161,216,29,23,8.007960,1.771530,852,80,11443,616,270.7058,270.7057,273.0488,1814528,1454080
brc000d,690,77,15,66,185,8.565900,2.462580,332,50,14140,935,275.5514,275.5513,276.7229,1830912,1454080
brc000d,691,131,15,59,134,10.286340,2.970880,510,54,16990,1169,276.8235,276.8234,277.4091,2125824,0
brc000d,692,17,27,249,140,3.946370,1.100400,4689,97,7156,273,278.8063,278.8062,278.8061,1675264,1441792
brc000d,693,76,144,80,23,4.557420,1.262900,963,75,7588,355,275.2499,275.2498,277.0071,1646592,1437696
brc000d,694,63,33,56,194,7.793920,4.059710,613,61,13302,817,275.9067,275.9067,277.0782,1826816,1454080
brc000d,695,36,39,111,240,5.227960,1.500720,802,65,7861,539,278.1911,278.1910,279.9483,1650688,1454080
brc000d,696,89,176,18,34,4.516420,1.116220,738,55,7264,306,277.1494,277.1494,278.9066,1646592,1437696
brc000d,697,97,12,63,199,8.770640,2.457410,721,59,14559,920,277.8945,277.8945,278.4802,1839104,1454080
brc000d,698,68,137,30,81,4.722850,0.950280,851,55,5706,200,274.6347,274.6346,276.9777,1634304,1425408
brc000d,699,51,141,126,21,2.551510,0.811770,1252,44,4626,143,277.9950,277.9950,278.5807,1630208,1425408
brc000d,700,250,163,23,29,4.580340,1.633630,5497,119,7808,402,282.5048,282.5047,282.5046,1687552,1441792
brc000d,701,251,143,21,24,6.617090,3.666230,2529,112,9728,579,280.1200,280.1199,280.1198,1814528,1466368
brc000d,702,251,137,12,29,5.096500,1.639710,6123,126,9044,477,283.7352,283.7351,283.7351,1835008,1441792
brc000d,703,35,79,65,134,6.147530,2.545740,703,69,13445,870,278.8063,278.8062,281.1493,1830912,1454080
brc000d,704,147,221,34,15,9.312840,3.801150,710,87,13087,680,279.0490,279.0489,280.5807,1826816,1458176
brc000d,705,34,18,105,177,8.534700,2.486980,424,59,13248,923,277.3626,277.3626,280.0660,1822720,1454080
brc000d,706,78,177,57,21,7.159930,1.633290,733,91,10996,554,281.0661,281.0661,282.2376,1810432,1458176
brc000d,707,30,32,78,191,7.282280,2.177690,600,66,11965,765,279.0489,279.0489,280.8061,1818624,1454080
brc000d,708,127,10,72,132,11.889780,3.219490,540,60,17771,1223,278.3382,278.3381,280.0955,2134016,1478656
brc000d,709,71,150,43,34,2.944550,0.816990,941,52,5045,156,280.9190,280.9189,282.6762,1626112,1425408
brc000d,710,52,35,73,132,8.971880,3.059400,555,63,16260,1155,284.5758,284.5757,286.9188,1851392,1478656
brc000d,711,26,19,135,228,6.196310,1.096840,1082,60,6014,305,283.1200,283.1199,284.8772,1638400,1437696
brc000d,712,86,164,20,28,4.318910,0.953330,832,62,6930,228,285.6053,285.6052,287.3625,1642496,1425408
brc000d,713,122,15,51,140,9.684000,3.044500,872,58,17360,1172,286.0661,286.0661,286.6518,2129920,1478656
brc000d,714,61,196,76,20,5.267170,3.060290,1042,81,8047,379,284.0367,284.0366,285.2082,1654784,1437696
brc000d,715,65,14,70,183,8.737300,2.510640,326,47,14066,938,283.1372,283.1371,284.3087,1830912,1454080
brc000d,716,249,169,32,16,6.744870,2.070540,1235,71,9392,655,286.2327,286.2327,287.4041,1802240,1458176
brc000d,717,33,13,148,226,2.417520,2.431920,1558,55,3493,122,284.6347,284.6346,286.3919,1552384,1421312
brc000d,718,78,182,54,19,7.243760,1.658760,742,92,11179,563,283.6519,283.6519,284.8234,1814528,1458176
brc000d,719,158,218,32,11,9.192790,1.974760,702,82,13036,691,282.3626,282.3626,284.1198,1826816,1454080
brc000d,720,98,10,71,135,9.474720,3.267650,539,59,17352,1239,287.7646,287.7645,288.9361,2125824,1478656
brc000d,721,25,33,74,196,8.927060,2.626490,770,68,12105,789,289.7058,289.7057,291.4630,1818624,1454080
brc000d,722,64,142,96,10,3.655770,0.933920,2370,64,6578,172,288.0072,288.0072,288.5929,1650688,1425408
brc000d,723,23,33,85,155,8.701090,2.958200,388,58,14402,1015,286.4337,286.4336,288.7767,1835008,1454080
brc000d,724,91,183,30,18,8.607960,1.768970,632,86,10479,604,286.5342,286.5341,289.4630,1810432,1454080
brc000d,725,55,18,73,176,8.596020,2.519680,347,49,14434,966,289.7230,289.7229,290.8944,1847296,1454080
brc000d,726,27,13,244,171,3.056830,1.143390,2068,73,4187,224,288.3038,288.3037,289.4752,1634304,1425408
brc000d,727,57,24,117,242,5.634340,3.380780,1146,79,8517,522,287.5220,287.5219,288.1076,1794048,1454080
brc000d,728,240,172,21,13,7.337780,2.110530,1581,74,9747,656,290.7180,290.7179,291.8894,1810432,1458176
brc000d,729,61,134,96,18,2.832270,1.023140,1578,73,5333,199,286.9067,286.9067,288.0782,1638400,1425408
brc000d,730,95,19,51,144,9.059030,4.901010,952,61,16918,1220,292.1788,292.1787,293.0071,2129920,1478656
brc000d,731,40,30,57,197,7.643420,2.203340,1002,64,12976,786,293.3626,293.3626,295.7056,1826816,1454080
brc000d,732,64,18,79,143,9.111140,3.111740,481,64,16679,1208,293.0783,293.0782,294.8356,2117632,1478656
brc000d,733,250,168,23,23,7.115680,2.151470,1019,68,10205,699,292.2327,292.2326,292.8183,1802240,1458176
brc000d,734,250,167,29,12,8.393880,2.080230,1495,75,9564,646,291.0611,291.0610,292.2325,1802240,1458176
brc000d,735,56,17,90,147,9.371800,3.261370,327,65,16779,1211,292.9362,292.9361,294.6934,2121728,1478656
brc000d,736,87,149,25,29,4.122300,0.991890,894,57,6672,238,291.2621,291.2621,293.6051,1642496,1425408
brc000d,737,77,165,21,30,6.002050,0.954740,866,62,6963,240,292.3626,292.3626,294.1198,1642496,1425408
brc000d,738,30,23,86,175,8.233680,2.499190,381,54,13833,923,291.1200,291.1199,294.0488,1830912,1454080
brc000d,739,59,12,87,148,9.436460,3.117140,359,64,16595,1193,292.2499,292.2498,294.0071,2117632,1478656
brc000d,740,25,19,83,172,10.223610,2.551650,450,52,13831,944,294.3626,294.3626,296.7056,1830912,1454080
brc000d,741,39,39,76,133,8.272060,3.055640,548,61,16349,1160,294.5048,294.5047,296.8477,1851392,1478656
brc000d,742,26,45,120,241,4.775970,1.380640,1068,67,7188,472,297.8479,297.8479,299.6051,1650688,1437696
brc000d,743,52,143,84,18,3.283250,2.824620,2438,78,6209,217,296.5636,296.5635,297.1493,1650688,1425408
brc000d,744,118,228,25,20,6.892130,1.455050,743,73,9985,456,294.8479,294.8478,297.1909,1802240,1437696
brc000d,745,64,185,61,11,6.380250,1.568670,1052,87,9847,485,295.2083,295.2082,296.3797,1818624,1441792
brc000d,746,103,14,50,139,9.742050,3.110460,898,58,17238,1150,296.3504,296.3503,296.9361,2138112,1478656
brc000d,747,13,28,77,182,31.440900,16.933320,453,60,12311,837,294.9778,294.9778,296.7351,1818624,1462272
brc000d,748,34,12,126,228,6.949530,1.678850,977,79,10046,564,297.5220,297.5219,298.6934,1814528,1454080
brc000d,749,62,210,68,18,6.402660,1.501550,923,90,9671,490,297.6641,297.6641,299.4214,1802240,1441792
brc000d,750,106,242,56,11,7.945830,1.656870,1057,81,11450,544,301.7352,301.7351,302.9066,1830912,1454080
brc000d,751,37,33,63,141,9.621410,2.791040,507,64,15312,1061,299.0612,299.0610,300.8183,1839104,1478656
brc000d,752,44,13,82,159,8.916200,2.824360,412,57,15499,1094,300.8357,300.8356,302.0071,1855488,1478656
brc000d,753,105,234,23,38,6.401000,1.370110,624,59,9460,416,298.1911,298.1910,300.5341,1798144,1437696
brc000d,754,66,201,59,15,8.818190,1.593690,910,89,10603,532,300.1788,300.1788,301.3503,1818624,1458176
brc000d,755,125,237,34,23,9.446530,2.172820,630,98,14086,743,300.8479,300.8478,302.3797,1835008,1458176
brc000d,756,39,16,75,181,8.411010,2.501730,316,45,13869,935,302.4803,302.4803,303.6518,1843200,1454080
brc000d,757,52,135,52,32,2.157060,2.570130,797,51,4147,148,299.1322,299.1321,300.3036,1622016,1429504
brc000d,758,53,22,76,146,8.854090,2.996600,431,62,16114,1167,300.6641,300.6640,302.4214,1859584,1478656
brc000d,759,124,229,34,11,9.410000,2.040790,1048,95,13899,704,300.3504,300.3503,301.5219,1851392,1458176
brc000d,760,20,18,80,158,8.487690,4.604380,430,55,14481,1025,302.9190,302.9189,305.2620,1835008,1478656
brc000d,761,67,188,22,22,5.115400,1.134640,603,66,7663,312,305.2916,305.2915,307.6346,1658880,1437696
brc000d,762,52,146,79,11,3.432600,1.088480,2311,74,6498,237,304.3921,304.3920,304.9777,1662976,1425408
brc000d,763,75,15,65,131,9.159810,3.321720,575,63,17239,1273,302.2915,302.2914,304.0488,2129920,1478656
brc000d,764,32,23,89,153,10.647990,2.962220,347,62,15923,1133,303.9190,303.9189,307.4336,1847296,1478656
brc000d,765,17,30,86,146,8.628510,3.091570,414,61,15645,1144,302.2622,302.2621,304.6051,1843200,1478656
brc000d,766,27,14,84,165,8.588980,2.652270,472,56,14472,999,302.0906,302.0905,304.4336,1835008,1454080
brc000d,767,79,178,34,20,9.442140,1.995510,603,94,12103,692,302.1200,302.1200,304.2376,1822720,1458176
brc000d,768,86,138,20,34,4.257650,1.092880,758,57,7137,296,305.6053,305.6052,307.9483,1646592,1437696
brc000d,769,74,131,67,13,5.401560,1.443540,1325,85,8949,411,306.2205,306.2204,307.9777,1810432,1437696
brc000d,770,67,204,53,12,7.205190,1.652300,1000,87,10971,546,307.6641,307.6640,308.8356,1822720,0
brc000d,771,72,176,41,11,7.640550,1.831090,1038,89,11900,641,307.6225,307.6224,308.7939,1835008,1458176
brc000d,772,33,14,80,172,8.670990,2.636890,462,55,14537,979,305.6763,305.6763,308.0193,1835008,1454080
brc000d,773,59,195,55,14,7.228770,3.372710,956,87,10915,541,309.1078,309.1077,310.2792,1822720,1454080
brc000d,774,60,187,19,26,4.671370,0.991790,880,61,6970,247,308.8773,308.8773,310.6346,1654784,1425408
brc000d,775,81,147,13,34,4.413040,1.125060,680,55,7458,316,305.6763,305.6763,308.0193,1646592,1437696
brc000d,776,29,15,75,177,8.380840,2.496790,366,52,13900,925,305.9484,305.9484,308.2914,1835008,1454080
brc000d,777,63,214,62,17,8.590500,1.690260,829,91,10410,539,307.6641,307.6641,309.4214,1818624,1458176
brc000d,778,26,33,67,140,7.954600,3.017780,510,63,15242,1110,307.0612,307.0610,309.4041,1843200,1478656
brc000d,779,51,25,59,190,8.602140,2.469390,620,49,14546,951,308.1372,308.1371,309.3087,1851392,1454080
brc000d,780,46,22,99,237,10.256970,2.296000,779,66,13248,841,312.1078,312.1077,313.2792,1839104,1454080
brc000d,781,64,182,43,13,7.601740,1.821450,956,90,11904,636,311.1372,311.1371,312.3087,1830912,1458176
brc000d,782,63,200,48,19,7.854850,1.930790,771,90,11819,650,312.1077,312.1077,313.2792,1830912,1458176
brc000d,783,74,163,36,22,7.967640,3.719550,697,97,12450,710,311.4509,311.4508,312.6224,1835008,1462272
brc000d,784,73,134,60,13,6.218160,1.543280,968,83,10198,507,310.6347,310.6346,312.3919,1814528,1437696
brc000d,785,58,200,52,15,7.406880,1.678100,913,90,11239,565,314.7646,314.7646,315.9361,1822720,1458176
brc000d,786,35,13,82,155,8.906680,4.703950,372,59,15577,1148,311.4926,311.4924,312.6640,1855488,1478656
brc000d,787,40,31,52,135,7.800830,2.837950,804,64,15735,1090,310.3749,310.3748,312.1320,1847296,1478656
brc000d,788,72,14,51,139,9.054940,3.104660,1001,64,16816,1208,311.7057,311.7057,312.8772,2134016,1478656
brc000d,789,55,135,70,12,4.559840,1.341160,1093,75,7898,374,312.1910,312.1909,313.3625,1667072,1437696
brc000d,790,59,197,15,34,6.556130,1.172150,762,57,7530,327,314.7058,314.7057,316.4630,1658880,1437696
brc000d,791,19,36,74,135,8.450200,3.174200,524,65,16099,1176,315.4043,315.4042,317.7473,1863680,1478656
brc000d,792,35,11,111,234,8.036010,2.069920,841,77,12244,746,315.0073,315.0072,316.4214,1830912,1454080
brc000d,793,32,12,92,149,11.295360,3.207070,334,61,16551,1204,313.5758,313.5758,316.5046,2129920,1478656
brc000d,794,90,145,24,13,5.657990,1.387590,782,77,9121,445,314.0906,314.0905,317.0193,1806336,1437696
brc000d,795,20,36,73,136,8.252990,3.103360,530,64,15929,1160,313.8185,313.8184,316.1615,1855488,1478656
brc000d,796,56,191,45,24,9.745120,1.981310,583,96,12292,694,317.1372,317.1371,318.3087,1835008,1458176
brc000d,797,61,147,20,40,4.984980,1.299150,531,63,8406,396,317.6469,317.6469,319.9899,1802240,1437696
brc000d,798,46,18,66,148,8.833310,2.936180,687,58,16153,1153,317.3210,317.3209,318.4924,1863680,1478656
brc000d,799,57,194,16,35,4.900720,2.967260,620,55,7699,330,314.8773,314.8773,316.6346,1662976,1437696
brc000d,800,33,17,104,234,8.376800,2.190000,800,74,12823,787,317.9901,317.9900,320.9188,1839104,1454080
brc000d,801,62,134,20,32,4.104500,1.137660,848,59,7109,286,321.5464,321.5464,323.8894,1654784,1437696
brc000d,802,89,142,33,16,7.220650,1.857660,569,88,11511,654,318.8185,318.8185,322.3330,1826816,1454080
brc000d,803,63,132,57,18,8.248460,1.677380,763,90,10860,551,318.8773,318.8773,320.6346,1822720,1458176
brc000d,804,16,32,70,134,8.467040,3.238360,523,64,15951,1190,321.0612,321.0611,323.4041,1863680,1478656
brc000d,805,60,18,55,137,8.736300,3.162190,742,65,16679,1212,318.8773,318.8772,320.0488,2134016,1478656
brc000d,806,75,132,47,24,9.152230,2.103600,577,96,12060,677,321.0783,321.0783,322.8356,1830912,1458176
brc000d,807,48,23,59,146,8.893380,2.991850,754,60,16424,1164,321.0784,321.0782,322.2498,2134016,1478656
brc000d,808,61,185,29,17,6.672040,1.759840,746,84,10358,601,317.9484,317.9484,320.2914,1818624,1454080
brc000d,809,63,183,30,12,9.139880,1.840920,641,87,11044,626,320.5342,320.5342,322.8772,1822720,1454080
brc000d,810,39,19,56,196,8.586650,2.562320,573,49,14426,962,326.4509,326.4509,327.6224,1851392,1454080
brc000d,811,63,210,18,20,4.868760,1.014970,733,60,7340,286,321.8185,321.8185,324.7473,1658880,1437696
brc000d,812,77,133,28,25,6.056150,16.088140,578,77,9861,527,324.0612,324.0611,327.5757,1814528,1454080
brc000d,813,36,13,72,205,33.213070,2.514020,451,49,14540,961,322.5930,322.5930,324.3503,1851392,1454080
brc000d,814,59,206,15,24,4.554150,0.994840,820,61,7106,260,322.5758,322.5758,324.3330,1654784,1437696
brc000d,815,26,17,57,190,8.369030,2.483400,696,54,13926,913,322.7769,322.7768,325.1198,1847296,1454080
brc000d,816,55,152,19,36,4.454670,2.870570,596,56,7680,320,323.4043,323.4042,325.1615,1662976,1437696
brc000d,817,71,158,33,11,7.400920,1.893580,598,97,11824,659,323.4753,323.4753,325.2498,1830912,1458176
brc000d,818,80,142,30,14,8.011480,2.457270,624,84,10793,619,322.7180,322.7180,325.6468,1822720,1454080
brc000d,819,37,11,62,189,10.383680,3.526060,410,49,14188,945,322.8651,322.8651,324.0366,1843200,1454080
brc000d,820,78,136,38,17,11.111920,2.039550,685,95,12292,691,326.9068,326.9067,328.6640,1835008,1458176
brc000d,821,24,42,53,147,7.966930,2.934600,825,61,15518,1074,326.8185,326.8184,329.1615,1859584,1478656
brc000d,822,19,13,58,198,8.254900,2.460320,962,56,13725,904,327.8479,327.8479,330.1909,1843200,1454080
brc000d,823,28,14,55,192,10.266450,2.590340,593,56,14146,930,329.4337,329.4337,331.7767,1847296,1454080
brc000d,824,43,18,66,136,8.820420,3.176410,563,66,16694,1229,327.6347,327.6346,329.3919,2134016,1478656
brc000d,825,67,213,37,21,8.209400,1.984830,684,94,12476,733,328.3504,328.3503,330.1076,1835008,1458176
brc000d,826,57,152,13,36,6.250200,1.157110,613,58,7881,329,327.4043,327.4042,329.1615,1662976,1437696
brc000d,827,75,131,45,12,7.150450,1.720520,1017,87,11611,602,328.2205,328.2204,329.9777,1826816,1454080
brc000d,828,54,152,19,25,3.913320,1.007000,898,60,6810,252,327.3038,327.3037,329.6468,1654784,1425408
brc000d,829,54,143,21,41,5.129790,3.119730,543,71,8777,460,326.8896,326.8895,329.2325,1806336,1437696
brc000d,830,61,138,26,17,5.473350,1.601400,757,82,9385,480,332.8601,332.8601,335.2031,1810432,1437696
brc000d,831,50,10,56,136,8.899630,3.162850,769,65,16604,1215,331.6053,331.6051,332.7767,2134016,1478656
brc000d,832,76,135,35,15,7.646020,3.692560,860,95,12435,690,332.5636,332.5636,334.3209,1835008,1458176
brc000d,833,10,28,73,131,8.615730,3.272200,553,63,16414,1223,330.4754,330.4753,332.8183,2134016,1478656
brc000d,834,60,137,18,17,4.463180,1.133900,705,64,7481,313,333.4459,333.4459,335.7889,1658880,1437696
brc000d,835,59,151,36,21,7.620660,2.020150,671,95,12390,703,333.4926,333.4925,334.6640,1835008,1458176
brc000d,836,61,143,23,13,6.918180,1.356960,704,82,8727,421,333.5464,333.5464,335.8894,1806336,1437696
brc000d,837,52,140,20,26,3.932930,1.017920,885,60,6805,254,330.3748,330.3748,332.7178,1654784,1429504
brc000d,838,30,12,64,211,8.564610,2.433830,676,54,14135,919,332.8896,332.8895,335.8183,1847296,1454080
brc000d,839,57,138,22,20,5.357390,1.178420,592,69,7708,327,332.2033,332.2032,334.5462,1662976,1437696
brc000d,840,9,37,57,138,7.971070,3.041830,744,65,15535,1135,335.1322,335.1321,336.8894,1859584,1478656
brc000d,841,14,25,52,144,8.234740,2.999500,803,60,15628,1119,335.1322,335.1321,336.8894,1859584,1478656
brc000d,842,11,39,53,153,8.402750,4.808650,543,61,15954,1096,335.0612,335.0611,336.8183,1863680,1478656
brc000d,843,20,23,53,136,8.191400,3.051570,822,63,15759,1146,334.0317,334.0316,336.3747,1859584,1478656
brc000d,844,27,16,69,133,8.838320,3.210320,572,59,16858,1240,335.0317,335.0316,338.5462,2134016,1478656
brc000d,845,52,139,17,23,3.870350,2.745290,860,60,6812,255,335.0317,335.0316,337.3747,1654784,1429504
brc000d,846,70,132,35,22,7.579860,2.120820,700,98,12491,734,336.3210,336.3209,338.6640,1835008,1458176
brc000d,847,47,17,53,135,8.706810,3.132470,766,64,16754,1224,335.1200,335.1199,336.2914,2134016,1478656
brc000d,848,55,136,26,21,5.212070,1.461990,806,82,8981,465,335.6886,335.6885,338.0315,1806336,1437696
brc000d,849,62,138,36,14,8.798270,2.008660,1006,97,12401,675,337.1200,337.1199,338.2914,1839104,1458176
